,player.id_in_group,player.wtp_voting_cost,player.wtp_voting_cost_pq,player.is_large_team,player.is_large_team_pq,player.is_winner,player.is_winner_pq,player.voting_cost,player.voting_cost_pq,player.vote,player.vote_pq,player.temp_payoff,player.temp_payoff_pq,group.small_team_vote_count,group.large_team_vote_count,group.small_team_win,group.small_team_vote_count_pq,group.large_team_vote_count_pq,group.small_team_win_pq,group.total_vote_count_pq,player.Q2_vote,player.Q2_vote_pq,player.Q2_no_vote,player.Q2_no_vote_pq,player.Q2_willingness_to_pay,player.Q2_willingness_to_pay_pq,player.Q3_vote,player.Q3_vote_pq,player.Q3_no_vote,player.Q3_no_vote_pq,player.Q3_willingness_to_pay,player.Q3_willingness_to_pay_pq,player.Q4_vote,player.Q4_vote_pq,player.Q4_no_vote,player.Q4_no_vote_pq,player.Q4_willingness_to_pay,player.Q4_willingness_to_pay_pq,player.Q5_vote,player.Q5_vote_pq,player.Q5_no_vote,player.Q5_no_vote_pq,player.Q5_willingness_to_pay,player.Q5_willingness_to_pay_pq,player.Q6_vote,player.Q6_vote_pq,player.Q6_no_vote,player.Q6_no_vote_pq,player.Q6_willingness_to_pay,player.Q6_willingness_to_pay_pq,treatment,round_num,session,sb_condition,bb_pq
0,1,43,39,0,1,1,1,39,47,1,0,11,50,4,3,1,1,3,0,4,80,20,70,10,36,15,80,20,70,15,36,20,85,90,80,85,36,3,40,80,30,90,30,3,60,40,55,20,24,10,0,1,0902_C,sb,
1,1,45,33,1,1,1,1,6,9,1,1,44,41,0,5,0,1,5,0,6,80,20,70,10,36,15,80,20,70,15,36,20,85,90,80,85,36,3,40,80,30,90,30,3,60,40,55,20,24,10,0,2,0902_C,bb,same
2,1,49,35,1,1,1,1,17,10,1,1,33,40,1,5,0,2,5,0,7,80,20,70,10,36,15,80,20,70,15,36,20,85,90,80,85,36,3,40,80,30,90,30,3,60,40,55,20,24,10,0,3,0902_C,bb,same
3,1,43,45,0,0,0,0,32,1,1,1,-32,-1,4,5,0,2,3,0,5,80,20,70,10,36,15,80,20,70,15,36,20,85,90,80,85,36,3,40,80,30,90,30,3,60,40,55,20,24,10,0,4,0902_C,ss,
4,1,35,35,1,1,1,1,48,13,0,1,50,37,2,3,0,1,4,0,5,80,20,70,10,36,15,80,20,70,15,36,20,85,90,80,85,36,3,40,80,30,90,30,3,60,40,55,20,24,10,0,5,0902_C,bb,different
5,1,25,34,0,1,0,1,46,17,0,1,0,33,2,4,0,2,3,0,5,80,20,70,10,36,15,80,20,70,15,36,20,85,90,80,85,36,3,40,80,30,90,30,3,60,40,55,20,24,10,0,6,0902_C,sb,
6,1,35,15,1,0,0,0,46,12,0,1,0,-12,4,3,1,2,7,0,9,80,20,70,10,36,15,80,20,70,15,36,20,85,90,80,85,36,3,40,80,30,90,30,3,60,40,55,20,24,10,0,7,0902_C,bs,
7,1,36,36,0,1,0,1,24,46,1,0,-24,50,2,3,0,1,3,0,4,80,20,70,10,36,15,80,20,70,15,36,20,85,90,80,85,36,3,40,80,30,90,30,3,60,40,55,20,24,10,0,8,0902_C,sb,
8,1,24,5,0,0,1,1,47,45,0,0,50,50,4,3,1,2,2,1,4,80,20,70,10,36,15,80,20,70,15,36,20,85,90,80,85,36,3,40,80,30,90,30,3,60,40,55,20,24,10,0,9,0902_C,ss,
9,1,36,39,1,1,1,0,9,49,1,0,41,0,1,4,0,0,2,1,2,80,20,70,10,36,15,80,20,70,15,36,20,85,90,80,85,36,3,40,80,30,90,30,3,60,40,55,20,24,10,0,10,0902_C,bb,same
10,1,36,40,1,1,1,1,17,50,1,0,33,50,2,3,0,0,4,0,4,80,20,70,10,36,15,80,20,70,15,36,20,85,90,80,85,36,3,40,80,30,90,30,3,60,40,55,20,24,10,0,11,0902_C,bb,same
11,1,36,5,1,0,1,0,22,22,1,0,28,0,2,4,0,1,4,0,5,80,20,70,10,36,15,80,20,70,15,36,20,85,90,80,85,36,3,40,80,30,90,30,3,60,40,55,20,24,10,0,12,0902_C,bs,
12,1,33,5,0,0,0,1,12,29,1,0,-12,50,1,3,0,1,1,1,2,80,20,70,10,36,15,80,20,70,15,36,20,85,90,80,85,36,3,40,80,30,90,30,3,60,40,55,20,24,10,0,13,0902_C,ss,
13,1,33,2,1,0,1,1,40,44,0,0,50,50,0,3,0,1,2,1,3,80,20,70,10,36,15,80,20,70,15,36,20,85,90,80,85,36,3,40,80,30,90,30,3,60,40,55,20,24,10,0,14,0902_C,bs,
14,1,24,2,0,0,0,1,24,13,1,0,-24,50,2,3,0,0,2,1,2,80,20,70,10,36,15,80,20,70,15,36,20,85,90,80,85,36,3,40,80,30,90,30,3,60,40,55,20,24,10,0,15,0902_C,ss,
15,1,19,3,0,0,1,1,13,28,1,0,37,50,2,2,1,1,2,1,3,80,20,70,10,36,15,80,20,70,15,36,20,85,90,80,85,36,3,40,80,30,90,30,3,60,40,55,20,24,10,0,16,0902_C,ss,
16,1,35,20,1,1,1,0,1,0,1,1,49,0,1,5,0,0,3,1,3,80,20,70,10,36,15,80,20,70,15,36,20,85,90,80,85,36,3,40,80,30,90,30,3,60,40,55,20,24,10,0,17,0902_C,bb,same
17,1,35,2,1,0,1,1,14,13,1,0,36,50,1,2,0,1,2,1,3,80,20,70,10,36,15,80,20,70,15,36,20,85,90,80,85,36,3,40,80,30,90,30,3,60,40,55,20,24,10,0,18,0902_C,bs,
18,1,35,10,1,1,1,0,49,28,0,0,50,0,2,2,0,0,3,1,3,80,20,70,10,36,15,80,20,70,15,36,20,85,90,80,85,36,3,40,80,30,90,30,3,60,40,55,20,24,10,0,19,0902_C,bb,same
19,1,34,15,1,1,1,1,18,43,1,0,32,50,1,5,0,1,3,0,4,80,20,70,10,36,15,80,20,70,15,36,20,85,90,80,85,36,3,40,80,30,90,30,3,60,40,55,20,24,10,0,20,0902_C,bb,same
20,1,25,24,0,1,0,0,45,48,0,0,0,0,2,3,0,1,2,1,3,80,20,70,10,36,15,80,20,70,15,36,20,85,90,80,85,36,3,40,80,30,90,30,3,60,40,55,20,24,10,0,21,0902_C,sb,
21,1,25,3,0,0,0,1,31,39,0,0,0,50,0,0,0,0,2,1,2,80,20,70,10,36,15,80,20,70,15,36,20,85,90,80,85,36,3,40,80,30,90,30,3,60,40,55,20,24,10,0,22,0902_C,ss,
22,1,23,20,0,1,0,0,45,49,0,0,0,0,1,2,0,0,2,1,2,80,20,70,10,36,15,80,20,70,15,36,20,85,90,80,85,36,3,40,80,30,90,30,3,60,40,55,20,24,10,0,23,0902_C,sb,
23,1,36,3,1,0,1,1,25,21,1,0,25,50,3,4,0,1,1,1,2,80,20,70,10,36,15,80,20,70,15,36,20,85,90,80,85,36,3,40,80,30,90,30,3,60,40,55,20,24,10,0,24,0902_C,bs,
24,1,20,1,0,0,1,1,33,48,0,0,50,50,3,1,1,0,0,1,0,80,20,70,10,36,15,80,20,70,15,36,20,85,90,80,85,36,3,40,80,30,90,30,3,60,40,55,20,24,10,0,25,0902_C,ss,
25,1,35,9,1,1,1,0,0,44,1,0,50,0,1,3,0,0,3,1,3,80,20,70,10,36,15,80,20,70,15,36,20,85,90,80,85,36,3,40,80,30,90,30,3,60,40,55,20,24,10,0,26,0902_C,bb,same
26,1,34,2,1,0,1,1,29,32,1,0,21,50,3,5,0,0,2,1,2,80,20,70,10,36,15,80,20,70,15,36,20,85,90,80,85,36,3,40,80,30,90,30,3,60,40,55,20,24,10,0,27,0902_C,bs,
27,1,5,5,0,1,0,0,9,9,0,0,0,0,1,2,0,0,2,1,2,80,20,70,10,36,15,80,20,70,15,36,20,85,90,80,85,36,3,40,80,30,90,30,3,60,40,55,20,24,10,0,28,0902_C,sb,
28,1,30,0,1,0,1,1,3,40,1,0,47,50,2,3,0,0,2,1,2,80,20,70,10,36,15,80,20,70,15,36,20,85,90,80,85,36,3,40,80,30,90,30,3,60,40,55,20,24,10,0,29,0902_C,bs,
29,1,9,5,0,1,1,0,30,49,0,0,50,0,2,1,1,1,1,1,2,80,20,70,10,36,15,80,20,70,15,36,20,85,90,80,85,36,3,40,80,30,90,30,3,60,40,55,20,24,10,0,30,0902_C,sb,
30,2,1,2,0,1,1,1,0,41,1,0,50,50,4,3,1,1,3,0,4,70,60,50,50,5,5,80,80,70,40,5,5,80,60,50,80,5,5,50,40,40,60,5,0,50,50,40,40,5,5,0,1,0902_C,sb,
31,2,2,2,1,1,1,1,14,31,0,0,50,50,0,5,0,1,5,0,6,70,60,50,50,5,5,80,80,70,40,5,5,80,60,50,80,5,5,50,40,40,60,5,0,50,50,40,40,5,5,0,2,0902_C,bb,same
32,2,2,2,1,1,1,1,14,3,0,0,50,50,1,5,0,2,5,0,7,70,60,50,50,5,5,80,80,70,40,5,5,80,60,50,80,5,5,50,40,40,60,5,0,50,50,40,40,5,5,0,3,0902_C,bb,same
33,2,2,2,1,1,1,1,39,32,0,0,50,50,4,5,0,2,3,0,5,70,60,50,50,5,5,80,80,70,40,5,5,80,60,50,80,5,5,50,40,40,60,5,0,50,50,40,40,5,5,0,4,0902_C,bb,same
34,2,0,2,0,1,0,1,31,20,0,0,0,50,2,3,0,1,4,0,5,70,60,50,50,5,5,80,80,70,40,5,5,80,60,50,80,5,5,50,40,40,60,5,0,50,50,40,40,5,5,0,5,0902_C,sb,
35,2,2,0,1,0,1,0,5,9,0,0,50,0,2,4,0,2,3,0,5,70,60,50,50,5,5,80,80,70,40,5,5,80,60,50,80,5,5,50,40,40,60,5,0,50,50,40,40,5,5,0,6,0902_C,bs,
36,2,5,5,1,1,0,1,15,48,0,0,0,50,4,3,1,2,7,0,9,70,60,50,50,5,5,80,80,70,40,5,5,80,60,50,80,5,5,50,40,40,60,5,0,50,50,40,40,5,5,0,7,0902_C,bb,different
37,2,5,5,0,1,0,1,47,17,0,0,0,50,2,3,0,1,3,0,4,70,60,50,50,5,5,80,80,70,40,5,5,80,60,50,80,5,5,50,40,40,60,5,0,50,50,40,40,5,5,0,8,0902_C,sb,
38,2,2,0,0,0,1,1,0,0,1,1,50,50,4,3,1,2,2,1,4,70,60,50,50,5,5,80,80,70,40,5,5,80,60,50,80,5,5,50,40,40,60,5,0,50,50,40,40,5,5,0,9,0902_C,ss,
39,2,5,2,1,1,1,0,32,26,0,0,50,0,1,4,0,0,2,1,2,70,60,50,50,5,5,80,80,70,40,5,5,80,60,50,80,5,5,50,40,40,60,5,0,50,50,40,40,5,5,0,10,0902_C,bb,same
40,2,5,5,1,1,1,1,25,33,0,0,50,50,2,3,0,0,4,0,4,70,60,50,50,5,5,80,80,70,40,5,5,80,60,50,80,5,5,50,40,40,60,5,0,50,50,40,40,5,5,0,11,0902_C,bb,same
41,2,5,0,1,0,1,0,43,47,0,0,50,0,2,4,0,1,4,0,5,70,60,50,50,5,5,80,80,70,40,5,5,80,60,50,80,5,5,50,40,40,60,5,0,50,50,40,40,5,5,0,12,0902_C,bs,
42,2,0,0,0,0,0,1,15,1,0,0,0,50,1,3,0,1,1,1,2,70,60,50,50,5,5,80,80,70,40,5,5,80,60,50,80,5,5,50,40,40,60,5,0,50,50,40,40,5,5,0,13,0902_C,ss,
43,2,5,0,1,0,1,1,42,46,0,0,50,50,0,3,0,1,2,1,3,70,60,50,50,5,5,80,80,70,40,5,5,80,60,50,80,5,5,50,40,40,60,5,0,50,50,40,40,5,5,0,14,0902_C,bs,
44,2,0,0,0,0,0,1,12,2,0,0,0,50,2,3,0,0,2,1,2,70,60,50,50,5,5,80,80,70,40,5,5,80,60,50,80,5,5,50,40,40,60,5,0,50,50,40,40,5,5,0,15,0902_C,ss,
45,2,0,0,0,0,1,1,36,2,0,0,50,50,2,2,1,1,2,1,3,70,60,50,50,5,5,80,80,70,40,5,5,80,60,50,80,5,5,50,40,40,60,5,0,50,50,40,40,5,5,0,16,0902_C,ss,
46,2,5,5,1,1,1,0,3,14,1,0,47,0,1,5,0,0,3,1,3,70,60,50,50,5,5,80,80,70,40,5,5,80,60,50,80,5,5,50,40,40,60,5,0,50,50,40,40,5,5,0,17,0902_C,bb,same
47,2,5,9,1,0,1,1,25,42,0,0,50,50,1,2,0,1,2,1,3,70,60,50,50,5,5,80,80,70,40,5,5,80,60,50,80,5,5,50,40,40,60,5,0,50,50,40,40,5,5,0,18,0902_C,bs,
48,2,5,5,1,1,1,0,27,33,0,0,50,0,2,2,0,0,3,1,3,70,60,50,50,5,5,80,80,70,40,5,5,80,60,50,80,5,5,50,40,40,60,5,0,50,50,40,40,5,5,0,19,0902_C,bb,same
49,2,0,0,0,0,0,0,38,1,0,0,0,0,1,5,0,1,3,0,4,70,60,50,50,5,5,80,80,70,40,5,5,80,60,50,80,5,5,50,40,40,60,5,0,50,50,40,40,5,5,0,20,0902_C,ss,
50,2,0,5,0,1,0,0,4,41,0,0,0,0,2,3,0,1,2,1,3,70,60,50,50,5,5,80,80,70,40,5,5,80,60,50,80,5,5,50,40,40,60,5,0,50,50,40,40,5,5,0,21,0902_C,sb,
51,2,0,0,0,0,0,1,44,33,0,0,0,50,0,0,0,0,2,1,2,70,60,50,50,5,5,80,80,70,40,5,5,80,60,50,80,5,5,50,40,40,60,5,0,50,50,40,40,5,5,0,22,0902_C,ss,
52,2,0,0,0,1,0,0,7,44,0,0,0,0,1,2,0,0,2,1,2,70,60,50,50,5,5,80,80,70,40,5,5,80,60,50,80,5,5,50,40,40,60,5,0,50,50,40,40,5,5,0,23,0902_C,sb,
53,2,5,0,1,0,1,1,40,6,0,0,50,50,3,4,0,1,1,1,2,70,60,50,50,5,5,80,80,70,40,5,5,80,60,50,80,5,5,50,40,40,60,5,0,50,50,40,40,5,5,0,24,0902_C,bs,
54,2,0,0,0,0,1,1,36,20,0,0,50,50,3,1,1,0,0,1,0,70,60,50,50,5,5,80,80,70,40,5,5,80,60,50,80,5,5,50,40,40,60,5,0,50,50,40,40,5,5,0,25,0902_C,ss,
55,2,5,0,1,1,1,0,1,23,1,0,49,0,1,3,0,0,3,1,3,70,60,50,50,5,5,80,80,70,40,5,5,80,60,50,80,5,5,50,40,40,60,5,0,50,50,40,40,5,5,0,26,0902_C,bb,same
56,2,5,0,1,0,1,1,3,33,1,0,47,50,3,5,0,0,2,1,2,70,60,50,50,5,5,80,80,70,40,5,5,80,60,50,80,5,5,50,40,40,60,5,0,50,50,40,40,5,5,0,27,0902_C,bs,
57,2,0,0,0,1,0,0,31,14,0,0,0,0,1,2,0,0,2,1,2,70,60,50,50,5,5,80,80,70,40,5,5,80,60,50,80,5,5,50,40,40,60,5,0,50,50,40,40,5,5,0,28,0902_C,sb,
58,2,5,0,1,0,1,1,33,25,0,0,50,50,2,3,0,0,2,1,2,70,60,50,50,5,5,80,80,70,40,5,5,80,60,50,80,5,5,50,40,40,60,5,0,50,50,40,40,5,5,0,29,0902_C,bs,
59,2,0,0,0,1,1,0,1,43,0,0,50,0,2,1,1,1,1,1,2,70,60,50,50,5,5,80,80,70,40,5,5,80,60,50,80,5,5,50,40,40,60,5,0,50,50,40,40,5,5,0,30,0902_C,sb,
60,3,27,15,0,1,1,1,30,34,0,0,50,50,4,3,1,1,3,0,4,50,50,30,10,27,27,60,30,50,20,27,10,50,20,50,30,27,0,20,20,10,20,27,27,30,50,20,30,5,27,0,1,0902_C,sb,
61,3,27,15,1,1,1,1,43,33,0,0,50,50,0,5,0,1,5,0,6,50,50,30,10,27,27,60,30,50,20,27,10,50,20,50,30,27,0,20,20,10,20,27,27,30,50,20,30,5,27,0,2,0902_C,bb,same
62,3,27,15,1,1,1,1,11,39,1,0,39,50,1,5,0,2,5,0,7,50,50,30,10,27,27,60,30,50,20,27,10,50,20,50,30,27,0,20,20,10,20,27,27,30,50,20,30,5,27,0,3,0902_C,bb,same
63,3,27,15,1,1,1,1,26,39,1,0,24,50,4,5,0,2,3,0,5,50,50,30,10,27,27,60,30,50,20,27,10,50,20,50,30,27,0,20,20,10,20,27,27,30,50,20,30,5,27,0,4,0902_C,bb,same
64,3,15,27,0,1,0,1,6,16,1,1,-6,34,2,3,0,1,4,0,5,50,50,30,10,27,27,60,30,50,20,27,10,50,20,50,30,27,0,20,20,10,20,27,27,30,50,20,30,5,27,0,5,0902_C,sb,
65,3,27,5,1,0,1,0,24,43,1,0,26,0,2,4,0,2,3,0,5,50,50,30,10,27,27,60,30,50,20,27,10,50,20,50,30,27,0,20,20,10,20,27,27,30,50,20,30,5,27,0,6,0902_C,bs,
66,3,5,27,0,1,1,1,2,25,1,1,48,25,4,3,1,2,7,0,9,50,50,30,10,27,27,60,30,50,20,27,10,50,20,50,30,27,0,20,20,10,20,27,27,30,50,20,30,5,27,0,7,0902_C,sb,
67,3,14,27,0,1,0,1,42,13,0,1,0,37,2,3,0,1,3,0,4,50,50,30,10,27,27,60,30,50,20,27,10,50,20,50,30,27,0,20,20,10,20,27,27,30,50,20,30,5,27,0,8,0902_C,sb,
68,3,0,15,0,0,1,1,9,8,0,1,50,42,4,3,1,2,2,1,4,50,50,30,10,27,27,60,30,50,20,27,10,50,20,50,30,27,0,20,20,10,20,27,27,30,50,20,30,5,27,0,9,0902_C,ss,
69,3,27,27,1,1,1,0,1,43,1,0,49,0,1,4,0,0,2,1,2,50,50,30,10,27,27,60,30,50,20,27,10,50,20,50,30,27,0,20,20,10,20,27,27,30,50,20,30,5,27,0,10,0902_C,bb,same
70,3,27,27,1,1,1,1,49,23,0,1,50,27,2,3,0,0,4,0,4,50,50,30,10,27,27,60,30,50,20,27,10,50,20,50,30,27,0,20,20,10,20,27,27,30,50,20,30,5,27,0,11,0902_C,bb,same
71,3,27,14,1,0,1,0,5,41,1,0,45,0,2,4,0,1,4,0,5,50,50,30,10,27,27,60,30,50,20,27,10,50,20,50,30,27,0,20,20,10,20,27,27,30,50,20,30,5,27,0,12,0902_C,bs,
72,3,25,25,1,1,1,0,20,40,1,0,30,0,1,3,0,1,1,1,2,50,50,30,10,27,27,60,30,50,20,27,10,50,20,50,30,27,0,20,20,10,20,27,27,30,50,20,30,5,27,0,13,0902_C,bb,same
73,3,27,12,1,0,1,1,29,15,0,0,50,50,0,3,0,1,2,1,3,50,50,30,10,27,27,60,30,50,20,27,10,50,20,50,30,27,0,20,20,10,20,27,27,30,50,20,30,5,27,0,14,0902_C,bs,
74,3,14,5,0,0,0,1,14,32,1,0,-14,50,2,3,0,0,2,1,2,50,50,30,10,27,27,60,30,50,20,27,10,50,20,50,30,27,0,20,20,10,20,27,27,30,50,20,30,5,27,0,15,0902_C,ss,
75,3,5,5,0,0,1,1,22,42,0,0,50,50,2,2,1,1,2,1,3,50,50,30,10,27,27,60,30,50,20,27,10,50,20,50,30,27,0,20,20,10,20,27,27,30,50,20,30,5,27,0,16,0902_C,ss,
76,3,27,27,1,1,1,0,17,5,1,1,33,-5,1,5,0,0,3,1,3,50,50,30,10,27,27,60,30,50,20,27,10,50,20,50,30,27,0,20,20,10,20,27,27,30,50,20,30,5,27,0,17,0902_C,bb,same
77,3,27,5,1,0,1,1,40,16,0,0,50,50,1,2,0,1,2,1,3,50,50,30,10,27,27,60,30,50,20,27,10,50,20,50,30,27,0,20,20,10,20,27,27,30,50,20,30,5,27,0,18,0902_C,bs,
78,3,27,27,1,1,1,0,30,14,0,1,50,-14,2,2,0,0,3,1,3,50,50,30,10,27,27,60,30,50,20,27,10,50,20,50,30,27,0,20,20,10,20,27,27,30,50,20,30,5,27,0,19,0902_C,bb,same
79,3,13,5,0,0,0,0,16,15,0,0,0,0,1,5,0,1,3,0,4,50,50,30,10,27,27,60,30,50,20,27,10,50,20,50,30,27,0,20,20,10,20,27,27,30,50,20,30,5,27,0,20,0902_C,ss,
80,3,11,27,0,1,0,0,47,44,0,0,0,0,2,3,0,1,2,1,3,50,50,30,10,27,27,60,30,50,20,27,10,50,20,50,30,27,0,20,20,10,20,27,27,30,50,20,30,5,27,0,21,0902_C,sb,
81,3,15,1,0,0,0,1,17,34,0,0,0,50,0,0,0,0,2,1,2,50,50,30,10,27,27,60,30,50,20,27,10,50,20,50,30,27,0,20,20,10,20,27,27,30,50,20,30,5,27,0,22,0902_C,ss,
82,3,11,27,0,1,0,0,33,18,0,1,0,-18,1,2,0,0,2,1,2,50,50,30,10,27,27,60,30,50,20,27,10,50,20,50,30,27,0,20,20,10,20,27,27,30,50,20,30,5,27,0,23,0902_C,sb,
83,3,11,27,1,0,1,1,2,20,1,1,48,30,3,4,0,1,1,1,2,50,50,30,10,27,27,60,30,50,20,27,10,50,20,50,30,27,0,20,20,10,20,27,27,30,50,20,30,5,27,0,24,0902_C,bs,
84,3,1,1,0,0,1,1,21,35,0,0,50,50,3,1,1,0,0,1,0,50,50,30,10,27,27,60,30,50,20,27,10,50,20,50,30,27,0,20,20,10,20,27,27,30,50,20,30,5,27,0,25,0902_C,ss,
85,3,1,1,0,0,0,1,21,50,0,0,0,50,1,3,0,0,3,1,3,50,50,30,10,27,27,60,30,50,20,27,10,50,20,50,30,27,0,20,20,10,20,27,27,30,50,20,30,5,27,0,26,0902_C,ss,
86,3,27,0,1,0,1,1,33,16,0,0,50,50,3,5,0,0,2,1,2,50,50,30,10,27,27,60,30,50,20,27,10,50,20,50,30,27,0,20,20,10,20,27,27,30,50,20,30,5,27,0,27,0902_C,bs,
87,3,0,27,0,1,0,0,25,6,0,1,0,-6,1,2,0,0,2,1,2,50,50,30,10,27,27,60,30,50,20,27,10,50,20,50,30,27,0,20,20,10,20,27,27,30,50,20,30,5,27,0,28,0902_C,sb,
88,3,27,27,1,1,1,0,43,43,0,0,50,0,2,3,0,0,2,1,2,50,50,30,10,27,27,60,30,50,20,27,10,50,20,50,30,27,0,20,20,10,20,27,27,30,50,20,30,5,27,0,29,0902_C,bb,different
89,3,27,0,1,0,0,1,48,11,0,0,0,50,2,1,1,1,1,1,2,50,50,30,10,27,27,60,30,50,20,27,10,50,20,50,30,27,0,20,20,10,20,27,27,30,50,20,30,5,27,0,30,0902_C,bs,
90,4,14,35,0,1,1,1,23,38,0,0,50,50,4,3,1,1,3,0,4,80,20,70,30,30,30,80,40,70,35,10,30,80,20,70,10,15,5,60,20,50,10,10,10,60,20,50,20,20,5,0,1,0902_C,sb,
91,4,23,23,1,1,1,1,9,11,1,1,41,39,0,5,0,1,5,0,6,80,20,70,30,30,30,80,40,70,35,10,30,80,20,70,10,15,5,60,20,50,10,10,10,60,20,50,20,20,5,0,2,0902_C,bb,same
92,4,13,13,1,1,1,1,14,7,0,1,50,43,1,5,0,2,5,0,7,80,20,70,30,30,30,80,40,70,35,10,30,80,20,70,10,15,5,60,20,50,10,10,10,60,20,50,20,20,5,0,3,0902_C,bb,same
93,4,13,13,1,1,1,1,9,38,1,0,41,50,4,5,0,2,3,0,5,80,20,70,30,30,30,80,40,70,35,10,30,80,20,70,10,15,5,60,20,50,10,10,10,60,20,50,20,20,5,0,4,0902_C,bb,same
94,4,3,15,0,1,0,1,11,24,0,0,0,50,2,3,0,1,4,0,5,80,20,70,30,30,30,80,40,70,35,10,30,80,20,70,10,15,5,60,20,50,10,10,10,60,20,50,20,20,5,0,5,0902_C,sb,
95,4,23,34,1,0,1,0,12,11,1,1,38,-11,2,4,0,2,3,0,5,80,20,70,30,30,30,80,40,70,35,10,30,80,20,70,10,15,5,60,20,50,10,10,10,60,20,50,20,20,5,0,6,0902_C,bs,
96,4,5,15,0,1,1,1,24,8,0,1,50,42,4,3,1,2,7,0,9,80,20,70,30,30,30,80,40,70,35,10,30,80,20,70,10,15,5,60,20,50,10,10,10,60,20,50,20,20,5,0,7,0902_C,sb,
97,4,5,14,0,1,0,1,42,33,0,0,0,50,2,3,0,1,3,0,4,80,20,70,30,30,30,80,40,70,35,10,30,80,20,70,10,15,5,60,20,50,10,10,10,60,20,50,20,20,5,0,8,0902_C,sb,
98,4,41,42,0,0,1,1,40,49,1,0,10,50,4,3,1,2,2,1,4,80,20,70,30,30,30,80,40,70,35,10,30,80,20,70,10,15,5,60,20,50,10,10,10,60,20,50,20,20,5,0,9,0902_C,ss,
99,4,4,4,1,1,1,0,47,47,0,0,50,0,1,4,0,0,2,1,2,80,20,70,30,30,30,80,40,70,35,10,30,80,20,70,10,15,5,60,20,50,10,10,10,60,20,50,20,20,5,0,10,0902_C,bb,same
100,4,15,14,1,1,1,1,35,10,0,1,50,40,2,3,0,0,4,0,4,80,20,70,30,30,30,80,40,70,35,10,30,80,20,70,10,15,5,60,20,50,10,10,10,60,20,50,20,20,5,0,11,0902_C,bb,same
101,4,14,3,1,0,1,0,39,44,0,0,50,0,2,4,0,1,4,0,5,80,20,70,30,30,30,80,40,70,35,10,30,80,20,70,10,15,5,60,20,50,10,10,10,60,20,50,20,20,5,0,12,0902_C,bs,
102,4,14,14,1,1,1,0,34,33,0,0,50,0,1,3,0,1,1,1,2,80,20,70,30,30,30,80,40,70,35,10,30,80,20,70,10,15,5,60,20,50,10,10,10,60,20,50,20,20,5,0,13,0902_C,bb,same
103,4,18,35,1,0,1,1,9,34,1,1,41,16,0,3,0,1,2,1,3,80,20,70,30,30,30,80,40,70,35,10,30,80,20,70,10,15,5,60,20,50,10,10,10,60,20,50,20,20,5,0,14,0902_C,bs,
104,4,4,4,0,0,0,1,36,22,0,0,0,50,2,3,0,0,2,1,2,80,20,70,30,30,30,80,40,70,35,10,30,80,20,70,10,15,5,60,20,50,10,10,10,60,20,50,20,20,5,0,15,0902_C,ss,
105,4,34,22,0,0,1,1,10,2,1,1,40,48,2,2,1,1,2,1,3,80,20,70,30,30,30,80,40,70,35,10,30,80,20,70,10,15,5,60,20,50,10,10,10,60,20,50,20,20,5,0,16,0902_C,ss,
106,4,34,35,0,0,0,1,36,41,0,0,0,50,1,5,0,0,3,1,3,80,20,70,30,30,30,80,40,70,35,10,30,80,20,70,10,15,5,60,20,50,10,10,10,60,20,50,20,20,5,0,17,0902_C,ss,
107,4,6,35,1,0,1,1,11,13,0,1,50,37,1,2,0,1,2,1,3,80,20,70,30,30,30,80,40,70,35,10,30,80,20,70,10,15,5,60,20,50,10,10,10,60,20,50,20,20,5,0,18,0902_C,bs,
108,4,13,15,1,1,1,0,39,23,0,0,50,0,2,2,0,0,3,1,3,80,20,70,30,30,30,80,40,70,35,10,30,80,20,70,10,15,5,60,20,50,10,10,10,60,20,50,20,20,5,0,19,0902_C,bb,same
109,4,37,37,0,0,0,0,49,5,0,1,0,-5,1,5,0,1,3,0,4,80,20,70,30,30,30,80,40,70,35,10,30,80,20,70,10,15,5,60,20,50,10,10,10,60,20,50,20,20,5,0,20,0902_C,ss,
110,4,5,6,0,1,0,0,8,25,0,0,0,0,2,3,0,1,2,1,3,80,20,70,30,30,30,80,40,70,35,10,30,80,20,70,10,15,5,60,20,50,10,10,10,60,20,50,20,20,5,0,21,0902_C,sb,
111,4,13,14,1,1,1,0,39,30,0,0,50,0,0,0,0,0,2,1,2,80,20,70,30,30,30,80,40,70,35,10,30,80,20,70,10,15,5,60,20,50,10,10,10,60,20,50,20,20,5,0,22,0902_C,bb,same
112,4,27,13,1,0,1,1,41,46,0,0,50,50,1,2,0,0,2,1,2,80,20,70,30,30,30,80,40,70,35,10,30,80,20,70,10,15,5,60,20,50,10,10,10,60,20,50,20,20,5,0,23,0902_C,bs,
113,4,27,12,1,1,1,0,9,19,1,0,41,0,3,4,0,1,1,1,2,80,20,70,30,30,30,80,40,70,35,10,30,80,20,70,10,15,5,60,20,50,10,10,10,60,20,50,20,20,5,0,24,0902_C,bb,different
114,4,43,4,0,0,1,1,19,50,1,0,31,50,3,1,1,0,0,1,0,80,20,70,30,30,30,80,40,70,35,10,30,80,20,70,10,15,5,60,20,50,10,10,10,60,20,50,20,20,5,0,25,0902_C,ss,
115,4,44,5,0,0,0,1,48,9,0,0,0,50,1,3,0,0,3,1,3,80,20,70,30,30,30,80,40,70,35,10,30,80,20,70,10,15,5,60,20,50,10,10,10,60,20,50,20,20,5,0,26,0902_C,ss,
116,4,35,2,1,0,1,1,7,42,1,0,43,50,3,5,0,0,2,1,2,80,20,70,30,30,30,80,40,70,35,10,30,80,20,70,10,15,5,60,20,50,10,10,10,60,20,50,20,20,5,0,27,0902_C,bs,
117,4,34,35,0,1,0,0,47,16,0,1,0,-16,1,2,0,0,2,1,2,80,20,70,30,30,30,80,40,70,35,10,30,80,20,70,10,15,5,60,20,50,10,10,10,60,20,50,20,20,5,0,28,0902_C,sb,
118,4,4,27,0,1,0,0,28,13,0,1,0,-13,2,3,0,0,2,1,2,80,20,70,30,30,30,80,40,70,35,10,30,80,20,70,10,15,5,60,20,50,10,10,10,60,20,50,20,20,5,0,29,0902_C,sb,
119,4,23,6,1,0,0,1,24,15,0,0,0,50,2,1,1,1,1,1,2,80,20,70,30,30,30,80,40,70,35,10,30,80,20,70,10,15,5,60,20,50,10,10,10,60,20,50,20,20,5,0,30,0902_C,bs,
120,5,23,23,0,1,1,1,38,14,0,1,50,36,4,3,1,1,3,0,4,55,70,55,20,22,15,55,60,55,20,22,15,55,90,55,90,22,0,45,90,45,90,22,0,55,60,55,20,22,15,0,1,0902_C,sb,
121,5,23,11,1,1,1,1,16,29,1,0,34,50,0,5,0,1,5,0,6,55,70,55,20,22,15,55,60,55,20,22,15,55,90,55,90,22,0,45,90,45,90,22,0,55,60,55,20,22,15,0,2,0902_C,bb,same
122,5,23,11,1,1,1,1,23,1,1,1,27,49,1,5,0,2,5,0,7,55,70,55,20,22,15,55,60,55,20,22,15,55,90,55,90,22,0,45,90,45,90,22,0,55,60,55,20,22,15,0,3,0902_C,bb,same
123,5,22,10,1,1,1,1,7,46,1,0,43,50,4,5,0,2,3,0,5,55,70,55,20,22,15,55,60,55,20,22,15,55,90,55,90,22,0,45,90,45,90,22,0,55,60,55,20,22,15,0,4,0902_C,bb,same
124,5,22,10,0,1,0,1,1,2,1,1,-1,48,2,3,0,1,4,0,5,55,70,55,20,22,15,55,60,55,20,22,15,55,90,55,90,22,0,45,90,45,90,22,0,55,60,55,20,22,15,0,5,0902_C,sb,
125,5,22,1,1,0,1,0,18,42,1,0,32,0,2,4,0,2,3,0,5,55,70,55,20,22,15,55,60,55,20,22,15,55,90,55,90,22,0,45,90,45,90,22,0,55,60,55,20,22,15,0,6,0902_C,bs,
126,5,22,15,0,1,1,1,15,5,1,1,35,45,4,3,1,2,7,0,9,55,70,55,20,22,15,55,60,55,20,22,15,55,90,55,90,22,0,45,90,45,90,22,0,55,60,55,20,22,15,0,7,0902_C,sb,
127,5,22,14,0,1,0,1,36,42,0,0,0,50,2,3,0,1,3,0,4,55,70,55,20,22,15,55,60,55,20,22,15,55,90,55,90,22,0,45,90,45,90,22,0,55,60,55,20,22,15,0,8,0902_C,sb,
128,5,22,0,0,0,1,1,0,17,1,0,50,50,4,3,1,2,2,1,4,55,70,55,20,22,15,55,60,55,20,22,15,55,90,55,90,22,0,45,90,45,90,22,0,55,60,55,20,22,15,0,9,0902_C,ss,
129,5,22,14,1,1,1,0,28,8,0,1,50,-8,1,4,0,0,2,1,2,55,70,55,20,22,15,55,60,55,20,22,15,55,90,55,90,22,0,45,90,45,90,22,0,55,60,55,20,22,15,0,10,0902_C,bb,same
130,5,22,15,1,1,1,1,31,23,0,0,50,50,2,3,0,0,4,0,4,55,70,55,20,22,15,55,60,55,20,22,15,55,90,55,90,22,0,45,90,45,90,22,0,55,60,55,20,22,15,0,11,0902_C,bb,same
131,5,22,15,1,1,1,1,33,9,0,1,50,41,2,4,0,1,4,0,5,55,70,55,20,22,15,55,60,55,20,22,15,55,90,55,90,22,0,45,90,45,90,22,0,55,60,55,20,22,15,0,12,0902_C,bb,different
132,5,22,15,1,1,1,0,38,32,0,0,50,0,1,3,0,1,1,1,2,55,70,55,20,22,15,55,60,55,20,22,15,55,90,55,90,22,0,45,90,45,90,22,0,55,60,55,20,22,15,0,13,0902_C,bb,same
133,5,22,0,1,0,1,1,25,8,0,0,50,50,0,3,0,1,2,1,3,55,70,55,20,22,15,55,60,55,20,22,15,55,90,55,90,22,0,45,90,45,90,22,0,55,60,55,20,22,15,0,14,0902_C,bs,
134,5,22,0,0,0,0,1,36,36,0,0,0,50,2,3,0,0,2,1,2,55,70,55,20,22,15,55,60,55,20,22,15,55,90,55,90,22,0,45,90,45,90,22,0,55,60,55,20,22,15,0,15,0902_C,ss,
135,5,22,15,1,1,0,0,31,8,0,1,0,-8,2,2,1,1,2,1,3,55,70,55,20,22,15,55,60,55,20,22,15,55,90,55,90,22,0,45,90,45,90,22,0,55,60,55,20,22,15,0,16,0902_C,bb,same
136,5,22,1,0,0,0,1,36,6,0,0,0,50,1,5,0,0,3,1,3,55,70,55,20,22,15,55,60,55,20,22,15,55,90,55,90,22,0,45,90,45,90,22,0,55,60,55,20,22,15,0,17,0902_C,ss,
137,5,22,1,1,0,1,1,16,24,1,0,34,50,1,2,0,1,2,1,3,55,70,55,20,22,15,55,60,55,20,22,15,55,90,55,90,22,0,45,90,45,90,22,0,55,60,55,20,22,15,0,18,0902_C,bs,
138,5,22,1,0,0,0,1,3,19,1,0,-3,50,2,2,0,0,3,1,3,55,70,55,20,22,15,55,60,55,20,22,15,55,90,55,90,22,0,45,90,45,90,22,0,55,60,55,20,22,15,0,19,0902_C,ss,
139,5,22,1,0,0,0,0,2,23,1,0,-2,0,1,5,0,1,3,0,4,55,70,55,20,22,15,55,60,55,20,22,15,55,90,55,90,22,0,45,90,45,90,22,0,55,60,55,20,22,15,0,20,0902_C,ss,
140,5,23,15,0,1,0,0,3,35,1,0,-3,0,2,3,0,1,2,1,3,55,70,55,20,22,15,55,60,55,20,22,15,55,90,55,90,22,0,45,90,45,90,22,0,55,60,55,20,22,15,0,21,0902_C,sb,
141,5,22,15,1,1,1,0,37,21,0,0,50,0,0,0,0,0,2,1,2,55,70,55,20,22,15,55,60,55,20,22,15,55,90,55,90,22,0,45,90,45,90,22,0,55,60,55,20,22,15,0,22,0902_C,bb,same
142,5,22,1,1,0,1,1,26,15,0,0,50,50,1,2,0,0,2,1,2,55,70,55,20,22,15,55,60,55,20,22,15,55,90,55,90,22,0,45,90,45,90,22,0,55,60,55,20,22,15,0,23,0902_C,bs,
143,5,22,5,0,1,0,0,5,27,1,0,-5,0,3,4,0,1,1,1,2,55,70,55,20,22,15,55,60,55,20,22,15,55,90,55,90,22,0,45,90,45,90,22,0,55,60,55,20,22,15,0,24,0902_C,sb,
144,5,22,1,0,0,1,1,20,35,1,0,30,50,3,1,1,0,0,1,0,55,70,55,20,22,15,55,60,55,20,22,15,55,90,55,90,22,0,45,90,45,90,22,0,55,60,55,20,22,15,0,25,0902_C,ss,
145,5,22,1,0,0,0,1,35,30,0,0,0,50,1,3,0,0,3,1,3,55,70,55,20,22,15,55,60,55,20,22,15,55,90,55,90,22,0,45,90,45,90,22,0,55,60,55,20,22,15,0,26,0902_C,ss,
146,5,22,9,1,0,1,1,12,42,1,0,38,50,3,5,0,0,2,1,2,55,70,55,20,22,15,55,60,55,20,22,15,55,90,55,90,22,0,45,90,45,90,22,0,55,60,55,20,22,15,0,27,0902_C,bs,
147,5,22,0,1,0,1,1,5,40,1,0,45,50,1,2,0,0,2,1,2,55,70,55,20,22,15,55,60,55,20,22,15,55,90,55,90,22,0,45,90,45,90,22,0,55,60,55,20,22,15,0,28,0902_C,bs,
148,5,22,9,0,1,0,0,2,41,1,0,-2,0,2,3,0,0,2,1,2,55,70,55,20,22,15,55,60,55,20,22,15,55,90,55,90,22,0,45,90,45,90,22,0,55,60,55,20,22,15,0,29,0902_C,sb,
149,5,22,0,1,0,0,1,25,14,0,0,0,50,2,1,1,1,1,1,2,55,70,55,20,22,15,55,60,55,20,22,15,55,90,55,90,22,0,45,90,45,90,22,0,55,60,55,20,22,15,0,30,0902_C,bs,
150,6,33,35,0,1,1,1,15,12,1,1,35,38,4,3,1,1,3,0,4,66,50,30,25,35,35,75,35,50,10,34,35,75,50,20,90,35,0,75,15,20,80,35,0,75,20,50,10,35,35,0,1,0902_C,sb,
151,6,33,33,1,1,1,1,25,17,1,1,25,33,0,5,0,1,5,0,6,66,50,30,25,35,35,75,35,50,10,34,35,75,50,20,90,35,0,75,15,20,80,35,0,75,20,50,10,35,35,0,2,0902_C,bb,same
152,6,35,33,0,0,0,0,17,6,1,1,-17,-6,1,5,0,2,5,0,7,66,50,30,25,35,35,75,35,50,10,34,35,75,50,20,90,35,0,75,15,20,80,35,0,75,20,50,10,35,35,0,3,0902_C,ss,
153,6,33,33,1,1,1,1,26,15,1,1,24,35,4,5,0,2,3,0,5,66,50,30,25,35,35,75,35,50,10,34,35,75,50,20,90,35,0,75,15,20,80,35,0,75,20,50,10,35,35,0,4,0902_C,bb,same
154,6,35,34,0,1,0,1,44,43,0,0,0,50,2,3,0,1,4,0,5,66,50,30,25,35,35,75,35,50,10,34,35,75,50,20,90,35,0,75,15,20,80,35,0,75,20,50,10,35,35,0,5,0902_C,sb,
155,6,34,0,1,0,1,0,19,29,1,0,31,0,2,4,0,2,3,0,5,66,50,30,25,35,35,75,35,50,10,34,35,75,50,20,90,35,0,75,15,20,80,35,0,75,20,50,10,35,35,0,6,0902_C,bs,
156,6,36,36,0,1,1,1,27,25,1,1,23,25,4,3,1,2,7,0,9,66,50,30,25,35,35,75,35,50,10,34,35,75,50,20,90,35,0,75,15,20,80,35,0,75,20,50,10,35,35,0,7,0902_C,sb,
157,6,35,36,0,1,0,1,34,29,1,1,-34,21,2,3,0,1,3,0,4,66,50,30,25,35,35,75,35,50,10,34,35,75,50,20,90,35,0,75,15,20,80,35,0,75,20,50,10,35,35,0,8,0902_C,sb,
158,6,35,0,0,0,1,1,4,29,1,0,46,50,4,3,1,2,2,1,4,66,50,30,25,35,35,75,35,50,10,34,35,75,50,20,90,35,0,75,15,20,80,35,0,75,20,50,10,35,35,0,9,0902_C,ss,
159,6,33,36,1,1,1,0,4,45,1,0,46,0,1,4,0,0,2,1,2,66,50,30,25,35,35,75,35,50,10,34,35,75,50,20,90,35,0,75,15,20,80,35,0,75,20,50,10,35,35,0,10,0902_C,bb,same
160,6,34,35,1,1,1,1,23,22,1,1,27,28,2,3,0,0,4,0,4,66,50,30,25,35,35,75,35,50,10,34,35,75,50,20,90,35,0,75,15,20,80,35,0,75,20,50,10,35,35,0,11,0902_C,bb,same
161,6,35,35,0,1,0,1,29,21,1,1,-29,29,2,4,0,1,4,0,5,66,50,30,25,35,35,75,35,50,10,34,35,75,50,20,90,35,0,75,15,20,80,35,0,75,20,50,10,35,35,0,12,0902_C,sb,
162,6,35,35,1,1,1,0,13,35,1,1,37,-35,1,3,0,1,1,1,2,66,50,30,25,35,35,75,35,50,10,34,35,75,50,20,90,35,0,75,15,20,80,35,0,75,20,50,10,35,35,0,13,0902_C,bb,same
163,6,35,34,1,1,1,0,8,42,1,0,42,0,0,3,0,1,2,1,3,66,50,30,25,35,35,75,35,50,10,34,35,75,50,20,90,35,0,75,15,20,80,35,0,75,20,50,10,35,35,0,14,0902_C,bb,different
164,6,35,35,1,1,1,0,27,43,1,0,23,0,2,3,0,0,2,1,2,66,50,30,25,35,35,75,35,50,10,34,35,75,50,20,90,35,0,75,15,20,80,35,0,75,20,50,10,35,35,0,15,0902_C,bb,same
165,6,35,35,1,1,0,0,46,50,0,0,0,0,2,2,1,1,2,1,3,66,50,30,25,35,35,75,35,50,10,34,35,75,50,20,90,35,0,75,15,20,80,35,0,75,20,50,10,35,35,0,16,0902_C,bb,same
166,6,35,0,0,0,0,1,45,1,0,0,0,50,1,5,0,0,3,1,3,66,50,30,25,35,35,75,35,50,10,34,35,75,50,20,90,35,0,75,15,20,80,35,0,75,20,50,10,35,35,0,17,0902_C,ss,
167,6,34,0,1,0,1,1,46,29,0,0,50,50,1,2,0,1,2,1,3,66,50,30,25,35,35,75,35,50,10,34,35,75,50,20,90,35,0,75,15,20,80,35,0,75,20,50,10,35,35,0,18,0902_C,bs,
168,6,35,0,0,0,0,1,35,25,1,0,-35,50,2,2,0,0,3,1,3,66,50,30,25,35,35,75,35,50,10,34,35,75,50,20,90,35,0,75,15,20,80,35,0,75,20,50,10,35,35,0,19,0902_C,ss,
169,6,35,0,0,0,0,0,38,50,0,0,0,0,1,5,0,1,3,0,4,66,50,30,25,35,35,75,35,50,10,34,35,75,50,20,90,35,0,75,15,20,80,35,0,75,20,50,10,35,35,0,20,0902_C,ss,
170,6,33,0,1,0,1,1,18,34,1,0,32,50,2,3,0,1,2,1,3,66,50,30,25,35,35,75,35,50,10,34,35,75,50,20,90,35,0,75,15,20,80,35,0,75,20,50,10,35,35,0,21,0902_C,bs,
171,6,34,35,1,1,1,0,43,44,0,0,50,0,0,0,0,0,2,1,2,66,50,30,25,35,35,75,35,50,10,34,35,75,50,20,90,35,0,75,15,20,80,35,0,75,20,50,10,35,35,0,22,0902_C,bb,same
172,6,33,0,1,0,1,1,21,43,1,0,29,50,1,2,0,0,2,1,2,66,50,30,25,35,35,75,35,50,10,34,35,75,50,20,90,35,0,75,15,20,80,35,0,75,20,50,10,35,35,0,23,0902_C,bs,
173,6,35,35,0,1,0,0,27,45,1,0,-27,0,3,4,0,1,1,1,2,66,50,30,25,35,35,75,35,50,10,34,35,75,50,20,90,35,0,75,15,20,80,35,0,75,20,50,10,35,35,0,24,0902_C,sb,
174,6,34,0,0,0,1,1,9,47,1,0,41,50,3,1,1,0,0,1,0,66,50,30,25,35,35,75,35,50,10,34,35,75,50,20,90,35,0,75,15,20,80,35,0,75,20,50,10,35,35,0,25,0902_C,ss,
175,6,35,0,0,0,0,1,2,16,1,0,-2,50,1,3,0,0,3,1,3,66,50,30,25,35,35,75,35,50,10,34,35,75,50,20,90,35,0,75,15,20,80,35,0,75,20,50,10,35,35,0,26,0902_C,ss,
176,6,34,0,1,0,1,1,46,33,0,0,50,50,3,5,0,0,2,1,2,66,50,30,25,35,35,75,35,50,10,34,35,75,50,20,90,35,0,75,15,20,80,35,0,75,20,50,10,35,35,0,27,0902_C,bs,
177,6,35,0,1,0,1,1,48,27,0,0,50,50,1,2,0,0,2,1,2,66,50,30,25,35,35,75,35,50,10,34,35,75,50,20,90,35,0,75,15,20,80,35,0,75,20,50,10,35,35,0,28,0902_C,bs,
178,6,35,0,0,1,0,0,30,20,1,0,-30,0,2,3,0,0,2,1,2,66,50,30,25,35,35,75,35,50,10,34,35,75,50,20,90,35,0,75,15,20,80,35,0,75,20,50,10,35,35,0,29,0902_C,sb,
179,6,34,0,1,0,0,1,41,24,0,0,0,50,2,1,1,1,1,1,2,66,50,30,25,35,35,75,35,50,10,34,35,75,50,20,90,35,0,75,15,20,80,35,0,75,20,50,10,35,35,0,30,0902_C,bs,
180,7,26,15,1,0,0,0,7,0,1,1,-7,0,4,3,1,1,3,0,4,50,50,50,50,0,0,50,50,50,50,0,0,50,50,50,50,0,0,50,50,50,50,0,0,50,50,50,50,0,0,0,1,0902_C,bs,
181,7,11,11,0,0,0,0,37,1,0,1,0,-1,0,5,0,1,5,0,6,50,50,50,50,0,0,50,50,50,50,0,0,50,50,50,50,0,0,50,50,50,50,0,0,50,50,50,50,0,0,0,2,0902_C,ss,
182,7,20,20,0,0,0,0,38,38,0,0,0,0,1,5,0,2,5,0,7,50,50,50,50,0,0,50,50,50,50,0,0,50,50,50,50,0,0,50,50,50,50,0,0,50,50,50,50,0,0,0,3,0902_C,ss,
183,7,25,25,1,1,1,1,7,13,1,1,43,37,4,5,0,2,3,0,5,50,50,50,50,0,0,50,50,50,50,0,0,50,50,50,50,0,0,50,50,50,50,0,0,50,50,50,50,0,0,0,4,0902_C,bb,same
184,7,2,2,0,1,0,1,8,38,0,0,0,50,2,3,0,1,4,0,5,50,50,50,50,0,0,50,50,50,50,0,0,50,50,50,50,0,0,50,50,50,50,0,0,50,50,50,50,0,0,0,5,0902_C,sb,
185,7,10,10,1,0,1,0,39,42,0,0,50,0,2,4,0,2,3,0,5,50,50,50,50,0,0,50,50,50,50,0,0,50,50,50,50,0,0,50,50,50,50,0,0,50,50,50,50,0,0,0,6,0902_C,bs,
186,7,11,11,0,1,1,1,45,0,0,1,50,50,4,3,1,2,7,0,9,50,50,50,50,0,0,50,50,50,50,0,0,50,50,50,50,0,0,50,50,50,50,0,0,50,50,50,50,0,0,0,7,0902_C,sb,
187,7,6,6,0,1,0,1,48,40,0,0,0,50,2,3,0,1,3,0,4,50,50,50,50,0,0,50,50,50,50,0,0,50,50,50,50,0,0,50,50,50,50,0,0,50,50,50,50,0,0,0,8,0902_C,sb,
188,7,0,0,0,0,1,1,7,30,0,0,50,50,4,3,1,2,2,1,4,50,50,50,50,0,0,50,50,50,50,0,0,50,50,50,50,0,0,50,50,50,50,0,0,50,50,50,50,0,0,0,9,0902_C,ss,
189,7,0,0,1,1,1,0,49,10,0,0,50,0,1,4,0,0,2,1,2,50,50,50,50,0,0,50,50,50,50,0,0,50,50,50,50,0,0,50,50,50,50,0,0,50,50,50,50,0,0,0,10,0902_C,bb,same
190,7,0,0,1,1,1,1,41,16,0,0,50,50,2,3,0,0,4,0,4,50,50,50,50,0,0,50,50,50,50,0,0,50,50,50,50,0,0,50,50,50,50,0,0,50,50,50,50,0,0,0,11,0902_C,bb,same
191,7,0,0,0,1,0,1,9,14,0,0,0,50,2,4,0,1,4,0,5,50,50,50,50,0,0,50,50,50,50,0,0,50,50,50,50,0,0,50,50,50,50,0,0,50,50,50,50,0,0,0,12,0902_C,sb,
192,7,0,0,1,1,1,0,4,26,0,0,50,0,1,3,0,1,1,1,2,50,50,50,50,0,0,50,50,50,50,0,0,50,50,50,50,0,0,50,50,50,50,0,0,50,50,50,50,0,0,0,13,0902_C,bb,same
193,7,0,0,0,1,0,0,48,1,0,0,0,0,0,3,0,1,2,1,3,50,50,50,50,0,0,50,50,50,50,0,0,50,50,50,50,0,0,50,50,50,50,0,0,50,50,50,50,0,0,0,14,0902_C,sb,
194,7,0,0,1,1,1,0,16,31,0,0,50,0,2,3,0,0,2,1,2,50,50,50,50,0,0,50,50,50,50,0,0,50,50,50,50,0,0,50,50,50,50,0,0,50,50,50,50,0,0,0,15,0902_C,bb,same
195,7,0,0,1,1,0,0,10,16,0,0,0,0,2,2,1,1,2,1,3,50,50,50,50,0,0,50,50,50,50,0,0,50,50,50,50,0,0,50,50,50,50,0,0,50,50,50,50,0,0,0,16,0902_C,bb,same
196,7,0,0,0,0,0,1,5,16,0,0,0,50,1,5,0,0,3,1,3,50,50,50,50,0,0,50,50,50,50,0,0,50,50,50,50,0,0,50,50,50,50,0,0,50,50,50,50,0,0,0,17,0902_C,ss,
197,7,0,0,1,0,1,1,26,12,0,0,50,50,1,2,0,1,2,1,3,50,50,50,50,0,0,50,50,50,50,0,0,50,50,50,50,0,0,50,50,50,50,0,0,50,50,50,50,0,0,0,18,0902_C,bs,
198,7,0,0,0,0,0,1,1,36,0,0,0,50,2,2,0,0,3,1,3,50,50,50,50,0,0,50,50,50,50,0,0,50,50,50,50,0,0,50,50,50,50,0,0,50,50,50,50,0,0,0,19,0902_C,ss,
199,7,0,0,0,0,0,0,10,43,0,0,0,0,1,5,0,1,3,0,4,50,50,50,50,0,0,50,50,50,50,0,0,50,50,50,50,0,0,50,50,50,50,0,0,50,50,50,50,0,0,0,20,0902_C,ss,
200,7,0,0,1,0,1,1,13,26,0,0,50,50,2,3,0,1,2,1,3,50,50,50,50,0,0,50,50,50,50,0,0,50,50,50,50,0,0,50,50,50,50,0,0,50,50,50,50,0,0,0,21,0902_C,bs,
201,7,0,0,1,1,1,0,48,24,0,0,50,0,0,0,0,0,2,1,2,50,50,50,50,0,0,50,50,50,50,0,0,50,50,50,50,0,0,50,50,50,50,0,0,50,50,50,50,0,0,0,22,0902_C,bb,same
202,7,0,0,1,0,1,1,19,20,0,0,50,50,1,2,0,0,2,1,2,50,50,50,50,0,0,50,50,50,50,0,0,50,50,50,50,0,0,50,50,50,50,0,0,50,50,50,50,0,0,0,23,0902_C,bs,
203,7,0,0,0,1,0,0,23,11,0,0,0,0,3,4,0,1,1,1,2,50,50,50,50,0,0,50,50,50,50,0,0,50,50,50,50,0,0,50,50,50,50,0,0,50,50,50,50,0,0,0,24,0902_C,sb,
204,7,0,0,1,1,0,0,43,38,0,0,0,0,3,1,1,0,0,1,0,50,50,50,50,0,0,50,50,50,50,0,0,50,50,50,50,0,0,50,50,50,50,0,0,50,50,50,50,0,0,0,25,0902_C,bb,same
205,7,0,0,0,0,0,1,27,19,0,0,0,50,1,3,0,0,3,1,3,50,50,50,50,0,0,50,50,50,50,0,0,50,50,50,50,0,0,50,50,50,50,0,0,50,50,50,50,0,0,0,26,0902_C,ss,
206,7,0,0,1,1,1,0,12,27,0,0,50,0,3,5,0,0,2,1,2,50,50,50,50,0,0,50,50,50,50,0,0,50,50,50,50,0,0,50,50,50,50,0,0,50,50,50,50,0,0,0,27,0902_C,bb,different
207,7,0,0,1,0,1,1,8,39,0,0,50,50,1,2,0,0,2,1,2,50,50,50,50,0,0,50,50,50,50,0,0,50,50,50,50,0,0,50,50,50,50,0,0,50,50,50,50,0,0,0,28,0902_C,bs,
208,7,0,0,0,1,0,0,34,19,0,0,0,0,2,3,0,0,2,1,2,50,50,50,50,0,0,50,50,50,50,0,0,50,50,50,50,0,0,50,50,50,50,0,0,50,50,50,50,0,0,0,29,0902_C,sb,
209,7,0,0,1,0,0,1,40,19,0,0,0,50,2,1,1,1,1,1,2,50,50,50,50,0,0,50,50,50,50,0,0,50,50,50,50,0,0,50,50,50,50,0,0,50,50,50,50,0,0,0,30,0902_C,bs,
210,8,25,25,1,0,0,0,37,26,0,0,0,0,4,3,1,1,3,0,4,50,25,50,0,25,0,60,30,50,0,25,15,60,25,50,50,15,0,40,25,50,50,15,0,40,40,40,25,15,25,0,1,0902_C,bs,
211,8,19,19,0,0,0,0,33,23,0,0,0,0,0,5,0,1,5,0,6,50,25,50,0,25,0,60,30,50,0,25,15,60,25,50,50,15,0,40,25,50,50,15,0,40,40,40,25,15,25,0,2,0902_C,ss,
212,8,19,25,0,0,0,0,28,17,0,1,0,-17,1,5,0,2,5,0,7,50,25,50,0,25,0,60,30,50,0,25,15,60,25,50,50,15,0,40,25,50,50,15,0,40,40,40,25,15,25,0,3,0902_C,ss,
213,8,25,25,1,1,1,1,49,41,0,0,50,50,4,5,0,2,3,0,5,50,25,50,0,25,0,60,30,50,0,25,15,60,25,50,50,15,0,40,25,50,50,15,0,40,40,40,25,15,25,0,4,0902_C,bb,same
214,8,19,25,0,1,0,1,47,23,0,1,0,27,2,3,0,1,4,0,5,50,25,50,0,25,0,60,30,50,0,25,15,60,25,50,50,15,0,40,25,50,50,15,0,40,40,40,25,15,25,0,5,0902_C,sb,
215,8,19,0,1,0,1,0,40,0,0,1,50,0,2,4,0,2,3,0,5,50,25,50,0,25,0,60,30,50,0,25,15,60,25,50,50,15,0,40,25,50,50,15,0,40,40,40,25,15,25,0,6,0902_C,bs,
216,8,1,15,0,1,1,1,2,1,0,1,50,49,4,3,1,2,7,0,9,50,25,50,0,25,0,60,30,50,0,25,15,60,25,50,50,15,0,40,25,50,50,15,0,40,40,40,25,15,25,0,7,0902_C,sb,
217,8,25,1,1,0,1,0,50,17,0,0,50,0,2,3,0,1,3,0,4,50,25,50,0,25,0,60,30,50,0,25,15,60,25,50,50,15,0,40,25,50,50,15,0,40,40,40,25,15,25,0,8,0902_C,bs,
218,8,14,5,1,1,0,0,25,7,0,0,0,0,4,3,1,2,2,1,4,50,25,50,0,25,0,60,30,50,0,25,15,60,25,50,50,15,0,40,25,50,50,15,0,40,40,40,25,15,25,0,9,0902_C,bb,same
219,8,24,24,1,1,1,0,16,16,1,1,34,-16,1,4,0,0,2,1,2,50,25,50,0,25,0,60,30,50,0,25,15,60,25,50,50,15,0,40,25,50,50,15,0,40,40,40,25,15,25,0,10,0902_C,bb,same
220,8,5,0,0,0,0,0,47,39,0,0,0,0,2,3,0,0,4,0,4,50,25,50,0,25,0,60,30,50,0,25,15,60,25,50,50,15,0,40,25,50,50,15,0,40,40,40,25,15,25,0,11,0902_C,ss,
221,8,15,25,0,1,0,1,22,24,0,1,0,26,2,4,0,1,4,0,5,50,25,50,0,25,0,60,30,50,0,25,15,60,25,50,50,15,0,40,25,50,50,15,0,40,40,40,25,15,25,0,12,0902_C,sb,
222,8,15,5,1,1,1,0,42,8,0,0,50,0,1,3,0,1,1,1,2,50,25,50,0,25,0,60,30,50,0,25,15,60,25,50,50,15,0,40,25,50,50,15,0,40,40,40,25,15,25,0,13,0902_C,bb,same
223,8,5,15,0,1,0,0,27,24,0,0,0,0,0,3,0,1,2,1,3,50,25,50,0,25,0,60,30,50,0,25,15,60,25,50,50,15,0,40,25,50,50,15,0,40,40,40,25,15,25,0,14,0902_C,sb,
224,8,15,26,1,1,1,0,34,42,0,0,50,0,2,3,0,0,2,1,2,50,25,50,0,25,0,60,30,50,0,25,15,60,25,50,50,15,0,40,25,50,50,15,0,40,40,40,25,15,25,0,15,0902_C,bb,same
225,8,15,25,1,1,0,0,13,32,1,0,-13,0,2,2,1,1,2,1,3,50,25,50,0,25,0,60,30,50,0,25,15,60,25,50,50,15,0,40,25,50,50,15,0,40,40,40,25,15,25,0,16,0902_C,bb,same
226,8,0,0,0,0,0,1,10,22,0,0,0,50,1,5,0,0,3,1,3,50,25,50,0,25,0,60,30,50,0,25,15,60,25,50,50,15,0,40,25,50,50,15,0,40,40,40,25,15,25,0,17,0902_C,ss,
227,8,5,25,1,1,1,0,22,28,0,0,50,0,1,2,0,1,2,1,3,50,25,50,0,25,0,60,30,50,0,25,15,60,25,50,50,15,0,40,25,50,50,15,0,40,40,40,25,15,25,0,18,0902_C,bb,different
228,8,5,5,0,0,0,1,8,8,0,0,0,50,2,2,0,0,3,1,3,50,25,50,0,25,0,60,30,50,0,25,15,60,25,50,50,15,0,40,25,50,50,15,0,40,40,40,25,15,25,0,19,0902_C,ss,
229,8,0,0,0,0,0,0,24,43,0,0,0,0,1,5,0,1,3,0,4,50,25,50,0,25,0,60,30,50,0,25,15,60,25,50,50,15,0,40,25,50,50,15,0,40,40,40,25,15,25,0,20,0902_C,ss,
230,8,15,0,1,0,1,1,41,2,0,0,50,50,2,3,0,1,2,1,3,50,25,50,0,25,0,60,30,50,0,25,15,60,25,50,50,15,0,40,25,50,50,15,0,40,40,40,25,15,25,0,21,0902_C,bs,
231,8,5,25,1,1,1,0,14,6,0,1,50,-6,0,0,0,0,2,1,2,50,25,50,0,25,0,60,30,50,0,25,15,60,25,50,50,15,0,40,25,50,50,15,0,40,40,40,25,15,25,0,22,0902_C,bb,same
232,8,0,0,1,0,1,1,14,30,0,0,50,50,1,2,0,0,2,1,2,50,25,50,0,25,0,60,30,50,0,25,15,60,25,50,50,15,0,40,25,50,50,15,0,40,40,40,25,15,25,0,23,0902_C,bs,
233,8,15,15,0,1,0,0,25,25,0,0,0,0,3,4,0,1,1,1,2,50,25,50,0,25,0,60,30,50,0,25,15,60,25,50,50,15,0,40,25,50,50,15,0,40,40,40,25,15,25,0,24,0902_C,sb,
234,8,0,25,1,1,0,0,46,37,0,0,0,0,3,1,1,0,0,1,0,50,25,50,0,25,0,60,30,50,0,25,15,60,25,50,50,15,0,40,25,50,50,15,0,40,40,40,25,15,25,0,25,0902_C,bb,same
235,8,15,0,0,0,0,1,46,8,0,0,0,50,1,3,0,0,3,1,3,50,25,50,0,25,0,60,30,50,0,25,15,60,25,50,50,15,0,40,25,50,50,15,0,40,40,40,25,15,25,0,26,0902_C,ss,
236,8,0,25,0,1,0,0,10,21,0,1,0,-21,3,5,0,0,2,1,2,50,25,50,0,25,0,60,30,50,0,25,15,60,25,50,50,15,0,40,25,50,50,15,0,40,40,40,25,15,25,0,27,0902_C,sb,
237,8,0,0,1,0,1,1,15,42,0,0,50,50,1,2,0,0,2,1,2,50,25,50,0,25,0,60,30,50,0,25,15,60,25,50,50,15,0,40,25,50,50,15,0,40,40,40,25,15,25,0,28,0902_C,bs,
238,8,0,20,0,1,0,0,5,44,0,0,0,0,2,3,0,0,2,1,2,50,25,50,0,25,0,60,30,50,0,25,15,60,25,50,50,15,0,40,25,50,50,15,0,40,40,40,25,15,25,0,29,0902_C,sb,
239,8,0,0,1,0,0,1,49,33,0,0,0,50,2,1,1,1,1,1,2,50,25,50,0,25,0,60,30,50,0,25,15,60,25,50,50,15,0,40,25,50,50,15,0,40,40,40,25,15,25,0,30,0902_C,bs,
240,9,25,16,1,0,0,0,34,43,0,0,0,0,4,3,1,1,3,0,4,45,10,45,10,25,15,40,5,40,5,25,5,40,90,35,90,25,5,40,95,35,90,20,5,40,5,35,3,25,5,0,1,0902_C,bs,
241,9,25,17,0,0,0,0,43,38,0,0,0,0,0,5,0,1,5,0,6,45,10,45,10,25,15,40,5,40,5,25,5,40,90,35,90,25,5,40,95,35,90,20,5,40,5,35,3,25,5,0,2,0902_C,ss,
242,9,26,17,0,0,0,0,31,25,0,0,0,0,1,5,0,2,5,0,7,45,10,45,10,25,15,40,5,40,5,25,5,40,90,35,90,25,5,40,95,35,90,20,5,40,5,35,3,25,5,0,3,0902_C,ss,
243,9,25,23,1,1,1,1,40,21,0,1,50,29,4,5,0,2,3,0,5,45,10,45,10,25,15,40,5,40,5,25,5,40,90,35,90,25,5,40,95,35,90,20,5,40,5,35,3,25,5,0,4,0902_C,bb,same
244,9,25,19,1,0,1,0,46,18,0,1,50,-18,2,3,0,1,4,0,5,45,10,45,10,25,15,40,5,40,5,25,5,40,90,35,90,25,5,40,95,35,90,20,5,40,5,35,3,25,5,0,5,0902_C,bs,
245,9,24,16,1,1,1,1,33,32,0,0,50,50,2,4,0,2,3,0,5,45,10,45,10,25,15,40,5,40,5,25,5,40,90,35,90,25,5,40,95,35,90,20,5,40,5,35,3,25,5,0,6,0902_C,bb,different
246,9,23,16,0,1,1,1,12,4,1,1,38,46,4,3,1,2,7,0,9,45,10,45,10,25,15,40,5,40,5,25,5,40,90,35,90,25,5,40,95,35,90,20,5,40,5,35,3,25,5,0,7,0902_C,sb,
247,9,27,5,1,0,1,0,37,3,0,1,50,-3,2,3,0,1,3,0,4,45,10,45,10,25,15,40,5,40,5,25,5,40,90,35,90,25,5,40,95,35,90,20,5,40,5,35,3,25,5,0,8,0902_C,bs,
248,9,23,15,1,1,0,0,34,27,0,0,0,0,4,3,1,2,2,1,4,45,10,45,10,25,15,40,5,40,5,25,5,40,90,35,90,25,5,40,95,35,90,20,5,40,5,35,3,25,5,0,9,0902_C,bb,same
249,9,23,3,0,0,0,1,46,33,0,0,0,50,1,4,0,0,2,1,2,45,10,45,10,25,15,40,5,40,5,25,5,40,90,35,90,25,5,40,95,35,90,20,5,40,5,35,3,25,5,0,10,0902_C,ss,
250,9,22,4,0,0,0,0,28,23,0,0,0,0,2,3,0,0,4,0,4,45,10,45,10,25,15,40,5,40,5,25,5,40,90,35,90,25,5,40,95,35,90,20,5,40,5,35,3,25,5,0,11,0902_C,ss,
251,9,19,15,0,1,0,1,11,40,1,0,-11,50,2,4,0,1,4,0,5,45,10,45,10,25,15,40,5,40,5,25,5,40,90,35,90,25,5,40,95,35,90,20,5,40,5,35,3,25,5,0,12,0902_C,sb,
252,9,21,15,1,1,1,0,47,16,0,0,50,0,1,3,0,1,1,1,2,45,10,45,10,25,15,40,5,40,5,25,5,40,90,35,90,25,5,40,95,35,90,20,5,40,5,35,3,25,5,0,13,0902_C,bb,same
253,9,21,16,0,1,0,0,49,32,0,0,0,0,0,3,0,1,2,1,3,45,10,45,10,25,15,40,5,40,5,25,5,40,90,35,90,25,5,40,95,35,90,20,5,40,5,35,3,25,5,0,14,0902_C,sb,
254,9,17,15,1,1,1,0,35,3,0,1,50,-3,2,3,0,0,2,1,2,45,10,45,10,25,15,40,5,40,5,25,5,40,90,35,90,25,5,40,95,35,90,20,5,40,5,35,3,25,5,0,15,0902_C,bb,same
255,9,15,13,1,1,0,0,46,29,0,0,0,0,2,2,1,1,2,1,3,45,10,45,10,25,15,40,5,40,5,25,5,40,90,35,90,25,5,40,95,35,90,20,5,40,5,35,3,25,5,0,16,0902_C,bb,same
256,9,22,11,0,0,0,1,19,32,1,0,-19,50,1,5,0,0,3,1,3,45,10,45,10,25,15,40,5,40,5,25,5,40,90,35,90,25,5,40,95,35,90,20,5,40,5,35,3,25,5,0,17,0902_C,ss,
257,9,15,13,0,1,0,0,48,37,0,0,0,0,1,2,0,1,2,1,3,45,10,45,10,25,15,40,5,40,5,25,5,40,90,35,90,25,5,40,95,35,90,20,5,40,5,35,3,25,5,0,18,0902_C,sb,
258,9,21,2,0,0,0,1,44,37,0,0,0,50,2,2,0,0,3,1,3,45,10,45,10,25,15,40,5,40,5,25,5,40,90,35,90,25,5,40,95,35,90,20,5,40,5,35,3,25,5,0,19,0902_C,ss,
259,9,17,11,1,1,1,1,12,38,1,0,38,50,1,5,0,1,3,0,4,45,10,45,10,25,15,40,5,40,5,25,5,40,90,35,90,25,5,40,95,35,90,20,5,40,5,35,3,25,5,0,20,0902_C,bb,same
260,9,14,3,1,0,1,1,49,1,0,1,50,49,2,3,0,1,2,1,3,45,10,45,10,25,15,40,5,40,5,25,5,40,90,35,90,25,5,40,95,35,90,20,5,40,5,35,3,25,5,0,21,0902_C,bs,
261,9,16,5,1,1,1,0,46,25,0,0,50,0,0,0,0,0,2,1,2,45,10,45,10,25,15,40,5,40,5,25,5,40,90,35,90,25,5,40,95,35,90,20,5,40,5,35,3,25,5,0,22,0902_C,bb,same
262,9,15,2,1,0,1,1,25,15,0,0,50,50,1,2,0,0,2,1,2,45,10,45,10,25,15,40,5,40,5,25,5,40,90,35,90,25,5,40,95,35,90,20,5,40,5,35,3,25,5,0,23,0902_C,bs,
263,9,16,4,0,1,0,0,4,40,1,0,-4,0,3,4,0,1,1,1,2,45,10,45,10,25,15,40,5,40,5,25,5,40,90,35,90,25,5,40,95,35,90,20,5,40,5,35,3,25,5,0,24,0902_C,sb,
264,9,12,3,1,1,0,0,36,13,0,0,0,0,3,1,1,0,0,1,0,45,10,45,10,25,15,40,5,40,5,25,5,40,90,35,90,25,5,40,95,35,90,20,5,40,5,35,3,25,5,0,25,0902_C,bb,same
265,9,12,1,0,0,0,1,47,6,0,0,0,50,1,3,0,0,3,1,3,45,10,45,10,25,15,40,5,40,5,25,5,40,90,35,90,25,5,40,95,35,90,20,5,40,5,35,3,25,5,0,26,0902_C,ss,
266,9,20,0,0,1,0,0,1,47,1,0,-1,0,3,5,0,0,2,1,2,45,10,45,10,25,15,40,5,40,5,25,5,40,90,35,90,25,5,40,95,35,90,20,5,40,5,35,3,25,5,0,27,0902_C,sb,
267,9,14,1,1,0,1,1,26,13,0,0,50,50,1,2,0,0,2,1,2,45,10,45,10,25,15,40,5,40,5,25,5,40,90,35,90,25,5,40,95,35,90,20,5,40,5,35,3,25,5,0,28,0902_C,bs,
268,9,10,1,0,1,0,0,33,31,0,0,0,0,2,3,0,0,2,1,2,45,10,45,10,25,15,40,5,40,5,25,5,40,90,35,90,25,5,40,95,35,90,20,5,40,5,35,3,25,5,0,29,0902_C,sb,
269,9,14,1,1,0,0,1,40,0,0,1,0,50,2,1,1,1,1,1,2,45,10,45,10,25,15,40,5,40,5,25,5,40,90,35,90,25,5,40,95,35,90,20,5,40,5,35,3,25,5,0,30,0902_C,bs,
270,10,39,19,1,0,0,0,18,43,1,0,-18,0,4,3,1,1,3,0,4,80,70,1,1,40,40,10,20,40,40,40,40,40,20,40,40,40,40,20,20,30,40,40,40,10,20,20,20,40,40,0,1,0902_C,bs,
271,10,29,19,0,0,0,0,39,41,0,0,0,0,0,5,0,1,5,0,6,80,70,1,1,40,40,10,20,40,40,40,40,40,20,40,40,40,40,20,20,30,40,40,40,10,20,20,20,40,40,0,2,0902_C,ss,
272,10,29,10,0,0,0,0,32,24,0,0,0,0,1,5,0,2,5,0,7,80,70,1,1,40,40,10,20,40,40,40,40,40,20,40,40,40,40,20,20,30,40,40,40,10,20,20,20,40,40,0,3,0902_C,ss,
273,10,39,29,0,0,0,0,14,27,1,1,-14,-27,4,5,0,2,3,0,5,80,70,1,1,40,40,10,20,40,40,40,40,40,20,40,40,40,40,20,20,30,40,40,40,10,20,20,20,40,40,0,4,0902_C,ss,
274,10,39,0,1,0,1,0,30,50,1,0,20,0,2,3,0,1,4,0,5,80,70,1,1,40,40,10,20,40,40,40,40,40,20,40,40,40,40,20,20,30,40,40,40,10,20,20,20,40,40,0,5,0902_C,bs,
275,10,39,0,0,1,0,1,19,19,1,0,-19,50,2,4,0,2,3,0,5,80,70,1,1,40,40,10,20,40,40,40,40,40,20,40,40,40,40,20,20,30,40,40,40,10,20,20,20,40,40,0,6,0902_C,sb,
276,10,39,0,1,0,0,0,7,50,1,0,-7,0,4,3,1,2,7,0,9,80,70,1,1,40,40,10,20,40,40,40,40,40,20,40,40,40,40,20,20,30,40,40,40,10,20,20,20,40,40,0,7,0902_C,bs,
277,10,39,0,1,0,1,0,7,45,1,0,43,0,2,3,0,1,3,0,4,80,70,1,1,40,40,10,20,40,40,40,40,40,20,40,40,40,40,20,20,30,40,40,40,10,20,20,20,40,40,0,8,0902_C,bs,
278,10,39,0,1,1,0,0,14,46,1,0,-14,0,4,3,1,2,2,1,4,80,70,1,1,40,40,10,20,40,40,40,40,40,20,40,40,40,40,20,20,30,40,40,40,10,20,20,20,40,40,0,9,0902_C,bb,same
279,10,30,0,0,0,0,1,44,25,0,0,0,50,1,4,0,0,2,1,2,80,70,1,1,40,40,10,20,40,40,40,40,40,20,40,40,40,40,20,20,30,40,40,40,10,20,20,20,40,40,0,10,0902_C,ss,
280,10,0,0,0,0,0,0,16,40,0,0,0,0,2,3,0,0,4,0,4,80,70,1,1,40,40,10,20,40,40,40,40,40,20,40,40,40,40,20,20,30,40,40,40,10,20,20,20,40,40,0,11,0902_C,ss,
281,10,0,0,0,1,0,1,33,2,0,0,0,50,2,4,0,1,4,0,5,80,70,1,1,40,40,10,20,40,40,40,40,40,20,40,40,40,40,20,20,30,40,40,40,10,20,20,20,40,40,0,12,0902_C,sb,
282,10,39,0,1,1,1,0,24,18,1,0,26,0,1,3,0,1,1,1,2,80,70,1,1,40,40,10,20,40,40,40,40,40,20,40,40,40,40,20,20,30,40,40,40,10,20,20,20,40,40,0,13,0902_C,bb,same
283,10,0,0,0,1,0,0,41,49,0,0,0,0,0,3,0,1,2,1,3,80,70,1,1,40,40,10,20,40,40,40,40,40,20,40,40,40,40,20,20,30,40,40,40,10,20,20,20,40,40,0,14,0902_C,sb,
284,10,39,0,1,1,1,0,10,32,1,0,40,0,2,3,0,0,2,1,2,80,70,1,1,40,40,10,20,40,40,40,40,40,20,40,40,40,40,20,20,30,40,40,40,10,20,20,20,40,40,0,15,0902_C,bb,same
285,10,39,0,1,1,0,0,20,12,1,0,-20,0,2,2,1,1,2,1,3,80,70,1,1,40,40,10,20,40,40,40,40,40,20,40,40,40,40,20,20,30,40,40,40,10,20,20,20,40,40,0,16,0902_C,bb,same
286,10,0,0,0,0,0,1,13,8,0,0,0,50,1,5,0,0,3,1,3,80,70,1,1,40,40,10,20,40,40,40,40,40,20,40,40,40,40,20,20,30,40,40,40,10,20,20,20,40,40,0,17,0902_C,ss,
287,10,0,40,0,1,0,0,35,12,0,1,0,-12,1,2,0,1,2,1,3,80,70,1,1,40,40,10,20,40,40,40,40,40,20,40,40,40,40,20,20,30,40,40,40,10,20,20,20,40,40,0,18,0902_C,sb,
288,10,0,0,0,0,0,1,31,40,0,0,0,50,2,2,0,0,3,1,3,80,70,1,1,40,40,10,20,40,40,40,40,40,20,40,40,40,40,20,20,30,40,40,40,10,20,20,20,40,40,0,19,0902_C,ss,
289,10,39,40,1,1,1,1,26,24,1,1,24,26,1,5,0,1,3,0,4,80,70,1,1,40,40,10,20,40,40,40,40,40,20,40,40,40,40,20,20,30,40,40,40,10,20,20,20,40,40,0,20,0902_C,bb,same
290,10,39,0,1,0,1,1,17,10,1,0,33,50,2,3,0,1,2,1,3,80,70,1,1,40,40,10,20,40,40,40,40,40,20,40,40,40,40,20,20,30,40,40,40,10,20,20,20,40,40,0,21,0902_C,bs,
291,10,39,39,1,1,1,0,40,39,0,1,50,-39,0,0,0,0,2,1,2,80,70,1,1,40,40,10,20,40,40,40,40,40,20,40,40,40,40,20,20,30,40,40,40,10,20,20,20,40,40,0,22,0902_C,bb,same
292,10,39,0,1,0,1,1,29,23,1,0,21,50,1,2,0,0,2,1,2,80,70,1,1,40,40,10,20,40,40,40,40,40,20,40,40,40,40,20,20,30,40,40,40,10,20,20,20,40,40,0,23,0902_C,bs,
293,10,0,39,0,1,0,0,14,33,0,1,0,-33,3,4,0,1,1,1,2,80,70,1,1,40,40,10,20,40,40,40,40,40,20,40,40,40,40,20,20,30,40,40,40,10,20,20,20,40,40,0,24,0902_C,sb,
294,10,39,39,1,1,0,0,20,50,1,0,-20,0,3,1,1,0,0,1,0,80,70,1,1,40,40,10,20,40,40,40,40,40,20,40,40,40,40,20,20,30,40,40,40,10,20,20,20,40,40,0,25,0902_C,bb,same
295,10,39,39,1,1,1,0,40,26,0,1,50,-26,1,3,0,0,3,1,3,80,70,1,1,40,40,10,20,40,40,40,40,40,20,40,40,40,40,20,20,30,40,40,40,10,20,20,20,40,40,0,26,0902_C,bb,same
296,10,0,39,0,1,0,0,36,34,0,1,0,-34,3,5,0,0,2,1,2,80,70,1,1,40,40,10,20,40,40,40,40,40,20,40,40,40,40,20,20,30,40,40,40,10,20,20,20,40,40,0,27,0902_C,sb,
297,10,39,9,1,0,1,1,49,33,0,0,50,50,1,2,0,0,2,1,2,80,70,1,1,40,40,10,20,40,40,40,40,40,20,40,40,40,40,20,20,30,40,40,40,10,20,20,20,40,40,0,28,0902_C,bs,
298,10,0,39,0,1,0,0,2,24,0,1,0,-24,2,3,0,0,2,1,2,80,70,1,1,40,40,10,20,40,40,40,40,40,20,40,40,40,40,20,20,30,40,40,40,10,20,20,20,40,40,0,29,0902_C,sb,
299,10,39,39,1,1,0,0,28,7,1,1,-28,-7,2,1,1,1,1,1,2,80,70,1,1,40,40,10,20,40,40,40,40,40,20,40,40,40,40,20,20,30,40,40,40,10,20,20,20,40,40,0,30,0902_C,bb,different
300,11,0,0,1,0,0,0,50,30,0,0,0,0,4,3,1,1,3,0,4,100,100,10,10,40,10,100,100,10,0,40,0,100,100,10,100,40,0,0,100,10,100,0,0,100,100,0,0,0,0,0,1,0902_C,bs,
301,11,0,10,0,0,0,0,11,29,0,0,0,0,0,5,0,1,5,0,6,100,100,10,10,40,10,100,100,10,0,40,0,100,100,10,100,40,0,0,100,10,100,0,0,100,100,0,0,0,0,0,2,0902_C,ss,
302,11,0,0,0,0,0,0,16,48,0,0,0,0,1,5,0,2,5,0,7,100,100,10,10,40,10,100,100,10,0,40,0,100,100,10,100,40,0,0,100,10,100,0,0,100,100,0,0,0,0,0,3,0902_C,ss,
303,11,0,0,0,0,0,0,26,8,0,0,0,0,4,5,0,2,3,0,5,100,100,10,10,40,10,100,100,10,0,40,0,100,100,10,100,40,0,0,100,10,100,0,0,100,100,0,0,0,0,0,4,0902_C,ss,
304,11,20,10,1,0,1,0,17,34,1,0,33,0,2,3,0,1,4,0,5,100,100,10,10,40,10,100,100,10,0,40,0,100,100,10,100,40,0,0,100,10,100,0,0,100,100,0,0,0,0,0,5,0902_C,bs,
305,11,4,25,0,1,0,1,32,2,0,1,0,48,2,4,0,2,3,0,5,100,100,10,10,40,10,100,100,10,0,40,0,100,100,10,100,40,0,0,100,10,100,0,0,100,100,0,0,0,0,0,6,0902_C,sb,
306,11,29,3,1,0,0,0,31,41,0,0,0,0,4,3,1,2,7,0,9,100,100,10,10,40,10,100,100,10,0,40,0,100,100,10,100,40,0,0,100,10,100,0,0,100,100,0,0,0,0,0,7,0902_C,bs,
307,11,33,22,1,0,1,0,21,48,1,0,29,0,2,3,0,1,3,0,4,100,100,10,10,40,10,100,100,10,0,40,0,100,100,10,100,40,0,0,100,10,100,0,0,100,100,0,0,0,0,0,8,0902_C,bs,
308,11,33,33,1,1,0,0,46,33,0,1,0,-33,4,3,1,2,2,1,4,100,100,10,10,40,10,100,100,10,0,40,0,100,100,10,100,40,0,0,100,10,100,0,0,100,100,0,0,0,0,0,9,0902_C,bb,same
309,11,2,2,0,0,0,1,27,32,0,0,0,50,1,4,0,0,2,1,2,100,100,10,10,40,10,100,100,10,0,40,0,100,100,10,100,40,0,0,100,10,100,0,0,100,100,0,0,0,0,0,10,0902_C,ss,
310,11,2,2,0,0,0,0,12,39,0,0,0,0,2,3,0,0,4,0,4,100,100,10,10,40,10,100,100,10,0,40,0,100,100,10,100,40,0,0,100,10,100,0,0,100,100,0,0,0,0,0,11,0902_C,ss,
311,11,3,30,0,1,0,1,45,0,0,1,0,50,2,4,0,1,4,0,5,100,100,10,10,40,10,100,100,10,0,40,0,100,100,10,100,40,0,0,100,10,100,0,0,100,100,0,0,0,0,0,12,0902_C,sb,
312,11,0,3,0,0,0,1,5,11,0,0,0,50,1,3,0,1,1,1,2,100,100,10,10,40,10,100,100,10,0,40,0,100,100,10,100,40,0,0,100,10,100,0,0,100,100,0,0,0,0,0,13,0902_C,ss,
313,11,0,20,0,1,0,0,20,17,0,1,0,-17,0,3,0,1,2,1,3,100,100,10,10,40,10,100,100,10,0,40,0,100,100,10,100,40,0,0,100,10,100,0,0,100,100,0,0,0,0,0,14,0902_C,sb,
314,11,1,1,1,1,1,0,22,34,0,0,50,0,2,3,0,0,2,1,2,100,100,10,10,40,10,100,100,10,0,40,0,100,100,10,100,40,0,0,100,10,100,0,0,100,100,0,0,0,0,0,15,0902_C,bb,same
315,11,1,1,1,1,0,0,14,0,0,1,0,0,2,2,1,1,2,1,3,100,100,10,10,40,10,100,100,10,0,40,0,100,100,10,100,40,0,0,100,10,100,0,0,100,100,0,0,0,0,0,16,0902_C,bb,same
316,11,20,0,1,1,1,0,47,35,0,0,50,0,1,5,0,0,3,1,3,100,100,10,10,40,10,100,100,10,0,40,0,100,100,10,100,40,0,0,100,10,100,0,0,100,100,0,0,0,0,0,17,0902_C,bb,same
317,11,0,10,0,1,0,0,34,11,0,0,0,0,1,2,0,1,2,1,3,100,100,10,10,40,10,100,100,10,0,40,0,100,100,10,100,40,0,0,100,10,100,0,0,100,100,0,0,0,0,0,18,0902_C,sb,
318,11,1,0,0,0,0,1,41,3,0,0,0,50,2,2,0,0,3,1,3,100,100,10,10,40,10,100,100,10,0,40,0,100,100,10,100,40,0,0,100,10,100,0,0,100,100,0,0,0,0,0,19,0902_C,ss,
319,11,20,2,1,1,1,1,2,32,1,0,48,50,1,5,0,1,3,0,4,100,100,10,10,40,10,100,100,10,0,40,0,100,100,10,100,40,0,0,100,10,100,0,0,100,100,0,0,0,0,0,20,0902_C,bb,same
320,11,22,0,1,0,1,1,45,8,0,0,50,50,2,3,0,1,2,1,3,100,100,10,10,40,10,100,100,10,0,40,0,100,100,10,100,40,0,0,100,10,100,0,0,100,100,0,0,0,0,0,21,0902_C,bs,
321,11,20,23,1,1,1,0,30,27,0,0,50,0,0,0,0,0,2,1,2,100,100,10,10,40,10,100,100,10,0,40,0,100,100,10,100,40,0,0,100,10,100,0,0,100,100,0,0,0,0,0,22,0902_C,bb,same
322,11,10,0,1,1,1,0,44,40,0,0,50,0,1,2,0,0,2,1,2,100,100,10,10,40,10,100,100,10,0,40,0,100,100,10,100,40,0,0,100,10,100,0,0,100,100,0,0,0,0,0,23,0902_C,bb,different
323,11,0,0,0,1,0,0,28,24,0,0,0,0,3,4,0,1,1,1,2,100,100,10,10,40,10,100,100,10,0,40,0,100,100,10,100,40,0,0,100,10,100,0,0,100,100,0,0,0,0,0,24,0902_C,sb,
324,11,20,0,1,1,0,0,38,23,0,0,0,0,3,1,1,0,0,1,0,100,100,10,10,40,10,100,100,10,0,40,0,100,100,10,100,40,0,0,100,10,100,0,0,100,100,0,0,0,0,0,25,0902_C,bb,same
325,11,0,0,1,1,1,0,50,40,0,0,50,0,1,3,0,0,3,1,3,100,100,10,10,40,10,100,100,10,0,40,0,100,100,10,100,40,0,0,100,10,100,0,0,100,100,0,0,0,0,0,26,0902_C,bb,same
326,11,0,0,0,1,0,0,18,25,0,0,0,0,3,5,0,0,2,1,2,100,100,10,10,40,10,100,100,10,0,40,0,100,100,10,100,40,0,0,100,10,100,0,0,100,100,0,0,0,0,0,27,0902_C,sb,
327,11,30,0,1,0,1,1,15,6,1,0,35,50,1,2,0,0,2,1,2,100,100,10,10,40,10,100,100,10,0,40,0,100,100,10,100,40,0,0,100,10,100,0,0,100,100,0,0,0,0,0,28,0902_C,bs,
328,11,40,0,1,0,1,1,34,37,1,0,16,50,2,3,0,0,2,1,2,100,100,10,10,40,10,100,100,10,0,40,0,100,100,10,100,40,0,0,100,10,100,0,0,100,100,0,0,0,0,0,29,0902_C,bs,
329,11,0,0,0,1,1,0,7,1,0,0,50,0,2,1,1,1,1,1,2,100,100,10,10,40,10,100,100,10,0,40,0,100,100,10,100,40,0,0,100,10,100,0,0,100,100,0,0,0,0,0,30,0902_C,sb,
330,12,25,0,1,0,0,0,0,50,1,0,0,0,4,3,1,1,3,0,4,80,20,60,10,25,15,80,20,60,10,25,10,80,20,60,10,30,15,40,40,20,80,20,0,40,20,20,10,15,10,0,1,0902_C,bs,
331,12,5,0,0,0,0,0,40,23,0,0,0,0,0,5,0,1,5,0,6,80,20,60,10,25,15,80,20,60,10,25,10,80,20,60,10,30,15,40,40,20,80,20,0,40,20,20,10,15,10,0,2,0902_C,ss,
332,12,10,0,0,0,0,0,37,25,0,0,0,0,1,5,0,2,5,0,7,80,20,60,10,25,15,80,20,60,10,25,10,80,20,60,10,30,15,40,40,20,80,20,0,40,20,20,10,15,10,0,3,0902_C,ss,
333,12,0,0,0,0,0,0,16,43,0,0,0,0,4,5,0,2,3,0,5,80,20,60,10,25,15,80,20,60,10,25,10,80,20,60,10,30,15,40,40,20,80,20,0,40,20,20,10,15,10,0,4,0902_C,ss,
334,12,25,25,1,0,1,0,30,40,0,0,50,0,2,3,0,1,4,0,5,80,20,60,10,25,15,80,20,60,10,25,10,80,20,60,10,30,15,40,40,20,80,20,0,40,20,20,10,15,10,0,5,0902_C,bs,
335,12,25,30,0,1,0,1,37,41,0,0,0,50,2,4,0,2,3,0,5,80,20,60,10,25,15,80,20,60,10,25,10,80,20,60,10,30,15,40,40,20,80,20,0,40,20,20,10,15,10,0,6,0902_C,sb,
336,12,30,0,1,0,0,0,35,2,0,0,0,0,4,3,1,2,7,0,9,80,20,60,10,25,15,80,20,60,10,25,10,80,20,60,10,30,15,40,40,20,80,20,0,40,20,20,10,15,10,0,7,0902_C,bs,
337,12,30,0,1,0,1,0,42,33,0,0,50,0,2,3,0,1,3,0,4,80,20,60,10,25,15,80,20,60,10,25,10,80,20,60,10,30,15,40,40,20,80,20,0,40,20,20,10,15,10,0,8,0902_C,bs,
338,12,30,30,1,1,0,0,37,45,0,0,0,0,4,3,1,2,2,1,4,80,20,60,10,25,15,80,20,60,10,25,10,80,20,60,10,30,15,40,40,20,80,20,0,40,20,20,10,15,10,0,9,0902_C,bb,same
339,12,30,30,0,0,0,1,14,39,1,0,-14,50,1,4,0,0,2,1,2,80,20,60,10,25,15,80,20,60,10,25,10,80,20,60,10,30,15,40,40,20,80,20,0,40,20,20,10,15,10,0,10,0902_C,ss,
340,12,25,30,0,0,0,0,7,43,1,0,-7,0,2,3,0,0,4,0,4,80,20,60,10,25,15,80,20,60,10,25,10,80,20,60,10,30,15,40,40,20,80,20,0,40,20,20,10,15,10,0,11,0902_C,ss,
341,12,15,30,0,1,0,1,16,39,0,0,0,50,2,4,0,1,4,0,5,80,20,60,10,25,15,80,20,60,10,25,10,80,20,60,10,30,15,40,40,20,80,20,0,40,20,20,10,15,10,0,12,0902_C,sb,
342,12,13,0,0,0,0,1,33,31,0,0,0,50,1,3,0,1,1,1,2,80,20,60,10,25,15,80,20,60,10,25,10,80,20,60,10,30,15,40,40,20,80,20,0,40,20,20,10,15,10,0,13,0902_C,ss,
343,12,14,30,0,1,0,0,24,21,0,1,0,-21,0,3,0,1,2,1,3,80,20,60,10,25,15,80,20,60,10,25,10,80,20,60,10,30,15,40,40,20,80,20,0,40,20,20,10,15,10,0,14,0902_C,sb,
344,12,30,25,1,1,1,0,23,4,1,1,27,-4,2,3,0,0,2,1,2,80,20,60,10,25,15,80,20,60,10,25,10,80,20,60,10,30,15,40,40,20,80,20,0,40,20,20,10,15,10,0,15,0902_C,bb,same
345,12,25,9,1,1,0,0,44,49,0,0,0,0,2,2,1,1,2,1,3,80,20,60,10,25,15,80,20,60,10,25,10,80,20,60,10,30,15,40,40,20,80,20,0,40,20,20,10,15,10,0,16,0902_C,bb,same
346,12,25,9,1,1,1,0,50,19,0,0,50,0,1,5,0,0,3,1,3,80,20,60,10,25,15,80,20,60,10,25,10,80,20,60,10,30,15,40,40,20,80,20,0,40,20,20,10,15,10,0,17,0902_C,bb,same
347,12,20,15,0,1,0,0,5,33,1,0,-5,0,1,2,0,1,2,1,3,80,20,60,10,25,15,80,20,60,10,25,10,80,20,60,10,30,15,40,40,20,80,20,0,40,20,20,10,15,10,0,18,0902_C,sb,
348,12,25,25,1,1,1,0,37,19,0,1,50,-19,2,2,0,0,3,1,3,80,20,60,10,25,15,80,20,60,10,25,10,80,20,60,10,30,15,40,40,20,80,20,0,40,20,20,10,15,10,0,19,0902_C,bb,same
349,12,25,5,1,1,1,1,27,16,0,0,50,50,1,5,0,1,3,0,4,80,20,60,10,25,15,80,20,60,10,25,10,80,20,60,10,30,15,40,40,20,80,20,0,40,20,20,10,15,10,0,20,0902_C,bb,same
350,12,25,0,1,0,1,1,3,23,1,0,47,50,2,3,0,1,2,1,3,80,20,60,10,25,15,80,20,60,10,25,10,80,20,60,10,30,15,40,40,20,80,20,0,40,20,20,10,15,10,0,21,0902_C,bs,
351,12,15,0,0,0,0,1,31,38,0,0,0,50,0,0,0,0,2,1,2,80,20,60,10,25,15,80,20,60,10,25,10,80,20,60,10,30,15,40,40,20,80,20,0,40,20,20,10,15,10,0,22,0902_C,ss,
352,12,15,25,0,1,0,0,33,43,0,0,0,0,1,2,0,0,2,1,2,80,20,60,10,25,15,80,20,60,10,25,10,80,20,60,10,30,15,40,40,20,80,20,0,40,20,20,10,15,10,0,23,0902_C,sb,
353,12,29,0,1,0,1,1,44,30,0,0,50,50,3,4,0,1,1,1,2,80,20,60,10,25,15,80,20,60,10,25,10,80,20,60,10,30,15,40,40,20,80,20,0,40,20,20,10,15,10,0,24,0902_C,bs,
354,12,25,30,1,1,0,0,41,40,0,0,0,0,3,1,1,0,0,1,0,80,20,60,10,25,15,80,20,60,10,25,10,80,20,60,10,30,15,40,40,20,80,20,0,40,20,20,10,15,10,0,25,0902_C,bb,same
355,12,25,30,1,1,1,0,43,9,0,1,50,-9,1,3,0,0,3,1,3,80,20,60,10,25,15,80,20,60,10,25,10,80,20,60,10,30,15,40,40,20,80,20,0,40,20,20,10,15,10,0,26,0902_C,bb,same
356,12,9,9,0,1,0,0,2,44,1,0,-2,0,3,5,0,0,2,1,2,80,20,60,10,25,15,80,20,60,10,25,10,80,20,60,10,30,15,40,40,20,80,20,0,40,20,20,10,15,10,0,27,0902_C,sb,
357,12,30,10,1,1,1,0,37,36,0,0,50,0,1,2,0,0,2,1,2,80,20,60,10,25,15,80,20,60,10,25,10,80,20,60,10,30,15,40,40,20,80,20,0,40,20,20,10,15,10,0,28,0902_C,bb,different
358,12,25,0,1,0,1,1,28,13,0,0,50,50,2,3,0,0,2,1,2,80,20,60,10,25,15,80,20,60,10,25,10,80,20,60,10,30,15,40,40,20,80,20,0,40,20,20,10,15,10,0,29,0902_C,bs,
359,12,9,10,0,1,1,0,2,40,1,0,48,0,2,1,1,1,1,1,2,80,20,60,10,25,15,80,20,60,10,25,10,80,20,60,10,30,15,40,40,20,80,20,0,40,20,20,10,15,10,0,30,0902_C,sb,
360,13,0,0,1,0,0,0,28,28,0,0,0,0,4,3,1,1,3,0,4,60,60,40,40,25,25,70,60,35,35,25,25,70,70,35,35,25,25,50,50,20,20,20,20,50,70,35,20,20,10,0,1,0902_C,bs,
361,13,0,0,0,0,0,0,26,28,0,0,0,0,0,5,0,1,5,0,6,60,60,40,40,25,25,70,60,35,35,25,25,70,70,35,35,25,25,50,50,20,20,20,20,50,70,35,20,20,10,0,2,0902_C,ss,
362,13,0,0,1,1,1,1,20,49,0,0,50,50,1,5,0,2,5,0,7,60,60,40,40,25,25,70,60,35,35,25,25,70,70,35,35,25,25,50,50,20,20,20,20,50,70,35,20,20,10,0,3,0902_C,bb,same
363,13,0,0,0,0,0,0,18,36,0,0,0,0,4,5,0,2,3,0,5,60,60,40,40,25,25,70,60,35,35,25,25,70,70,35,35,25,25,50,50,20,20,20,20,50,70,35,20,20,10,0,4,0902_C,ss,
364,13,0,0,1,0,1,0,50,19,0,0,50,0,2,3,0,1,4,0,5,60,60,40,40,25,25,70,60,35,35,25,25,70,70,35,35,25,25,50,50,20,20,20,20,50,70,35,20,20,10,0,5,0902_C,bs,
365,13,0,0,0,1,0,1,25,33,0,0,0,50,2,4,0,2,3,0,5,60,60,40,40,25,25,70,60,35,35,25,25,70,70,35,35,25,25,50,50,20,20,20,20,50,70,35,20,20,10,0,6,0902_C,sb,
366,13,0,0,1,0,0,0,13,8,0,0,0,0,4,3,1,2,7,0,9,60,60,40,40,25,25,70,60,35,35,25,25,70,70,35,35,25,25,50,50,20,20,20,20,50,70,35,20,20,10,0,7,0902_C,bs,
367,13,0,0,1,0,1,0,9,27,0,0,50,0,2,3,0,1,3,0,4,60,60,40,40,25,25,70,60,35,35,25,25,70,70,35,35,25,25,50,50,20,20,20,20,50,70,35,20,20,10,0,8,0902_C,bs,
368,13,0,0,1,1,0,0,13,0,0,1,0,0,4,3,1,2,2,1,4,60,60,40,40,25,25,70,60,35,35,25,25,70,70,35,35,25,25,50,50,20,20,20,20,50,70,35,20,20,10,0,9,0902_C,bb,same
369,13,0,0,0,0,0,1,40,46,0,0,0,50,1,4,0,0,2,1,2,60,60,40,40,25,25,70,60,35,35,25,25,70,70,35,35,25,25,50,50,20,20,20,20,50,70,35,20,20,10,0,10,0902_C,ss,
370,13,0,0,0,0,0,0,10,17,0,0,0,0,2,3,0,0,4,0,4,60,60,40,40,25,25,70,60,35,35,25,25,70,70,35,35,25,25,50,50,20,20,20,20,50,70,35,20,20,10,0,11,0902_C,ss,
371,13,0,0,1,0,1,0,18,17,0,0,50,0,2,4,0,1,4,0,5,60,60,40,40,25,25,70,60,35,35,25,25,70,70,35,35,25,25,50,50,20,20,20,20,50,70,35,20,20,10,0,12,0902_C,bs,
372,13,0,0,0,0,0,1,5,9,0,0,0,50,1,3,0,1,1,1,2,60,60,40,40,25,25,70,60,35,35,25,25,70,70,35,35,25,25,50,50,20,20,20,20,50,70,35,20,20,10,0,13,0902_C,ss,
373,13,0,0,0,1,0,0,18,47,0,0,0,0,0,3,0,1,2,1,3,60,60,40,40,25,25,70,60,35,35,25,25,70,70,35,35,25,25,50,50,20,20,20,20,50,70,35,20,20,10,0,14,0902_C,sb,
374,13,0,0,1,1,1,0,1,25,0,0,50,0,2,3,0,0,2,1,2,60,60,40,40,25,25,70,60,35,35,25,25,70,70,35,35,25,25,50,50,20,20,20,20,50,70,35,20,20,10,0,15,0902_C,bb,same
375,13,0,0,0,0,1,1,50,41,0,0,50,50,2,2,1,1,2,1,3,60,60,40,40,25,25,70,60,35,35,25,25,70,70,35,35,25,25,50,50,20,20,20,20,50,70,35,20,20,10,0,16,0902_C,ss,
376,13,0,0,1,1,1,0,46,2,0,0,50,0,1,5,0,0,3,1,3,60,60,40,40,25,25,70,60,35,35,25,25,70,70,35,35,25,25,50,50,20,20,20,20,50,70,35,20,20,10,0,17,0902_C,bb,same
377,13,0,0,0,1,0,0,35,29,0,0,0,0,1,2,0,1,2,1,3,60,60,40,40,25,25,70,60,35,35,25,25,70,70,35,35,25,25,50,50,20,20,20,20,50,70,35,20,20,10,0,18,0902_C,sb,
378,13,0,0,1,1,1,0,5,29,0,0,50,0,2,2,0,0,3,1,3,60,60,40,40,25,25,70,60,35,35,25,25,70,70,35,35,25,25,50,50,20,20,20,20,50,70,35,20,20,10,0,19,0902_C,bb,same
379,13,0,0,1,1,1,1,40,50,0,0,50,50,1,5,0,1,3,0,4,60,60,40,40,25,25,70,60,35,35,25,25,70,70,35,35,25,25,50,50,20,20,20,20,50,70,35,20,20,10,0,20,0902_C,bb,same
380,13,0,0,1,1,1,0,6,46,0,0,50,0,2,3,0,1,2,1,3,60,60,40,40,25,25,70,60,35,35,25,25,70,70,35,35,25,25,50,50,20,20,20,20,50,70,35,20,20,10,0,21,0902_C,bb,different
381,13,0,0,0,0,0,1,26,2,0,0,0,50,0,0,0,0,2,1,2,60,60,40,40,25,25,70,60,35,35,25,25,70,70,35,35,25,25,50,50,20,20,20,20,50,70,35,20,20,10,0,22,0902_C,ss,
382,13,0,0,0,1,0,0,46,0,0,1,0,0,1,2,0,0,2,1,2,60,60,40,40,25,25,70,60,35,35,25,25,70,70,35,35,25,25,50,50,20,20,20,20,50,70,35,20,20,10,0,23,0902_C,sb,
383,13,0,0,1,0,1,1,19,44,0,0,50,50,3,4,0,1,1,1,2,60,60,40,40,25,25,70,60,35,35,25,25,70,70,35,35,25,25,50,50,20,20,20,20,50,70,35,20,20,10,0,24,0902_C,bs,
384,13,0,0,1,1,0,0,28,8,0,0,0,0,3,1,1,0,0,1,0,60,60,40,40,25,25,70,60,35,35,25,25,70,70,35,35,25,25,50,50,20,20,20,20,50,70,35,20,20,10,0,25,0902_C,bb,same
385,13,0,0,1,1,1,0,25,36,0,0,50,0,1,3,0,0,3,1,3,60,60,40,40,25,25,70,60,35,35,25,25,70,70,35,35,25,25,50,50,20,20,20,20,50,70,35,20,20,10,0,26,0902_C,bb,same
386,13,0,0,0,1,0,0,23,45,0,0,0,0,3,5,0,0,2,1,2,60,60,40,40,25,25,70,60,35,35,25,25,70,70,35,35,25,25,50,50,20,20,20,20,50,70,35,20,20,10,0,27,0902_C,sb,
387,13,0,0,0,1,0,0,43,1,0,0,0,0,1,2,0,0,2,1,2,60,60,40,40,25,25,70,60,35,35,25,25,70,70,35,35,25,25,50,50,20,20,20,20,50,70,35,20,20,10,0,28,0902_C,sb,
388,13,0,0,1,0,1,1,9,4,0,0,50,50,2,3,0,0,2,1,2,60,60,40,40,25,25,70,60,35,35,25,25,70,70,35,35,25,25,50,50,20,20,20,20,50,70,35,20,20,10,0,29,0902_C,bs,
389,13,0,0,0,1,1,0,30,8,0,0,50,0,2,1,1,1,1,1,2,60,60,40,40,25,25,70,60,35,35,25,25,70,70,35,35,25,25,50,50,20,20,20,20,50,70,35,20,20,10,0,30,0902_C,sb,
390,14,35,36,1,1,0,1,39,44,0,0,0,50,4,3,1,1,3,0,4,60,10,40,10,25,0,50,10,50,10,35,0,60,100,60,100,25,25,50,80,30,100,20,35,50,10,50,10,25,0,0,1,0902_C,bb,different
391,14,36,35,1,1,1,1,42,9,0,1,50,41,0,5,0,1,5,0,6,60,10,40,10,25,0,50,10,50,10,35,0,60,100,60,100,25,25,50,80,30,100,20,35,50,10,50,10,25,0,0,2,0902_C,bb,same
392,14,37,36,1,1,1,1,7,17,1,1,43,33,1,5,0,2,5,0,7,60,10,40,10,25,0,50,10,50,10,35,0,60,100,60,100,25,25,50,80,30,100,20,35,50,10,50,10,25,0,0,3,0902_C,bb,same
393,14,35,24,0,0,0,0,30,48,1,0,-30,0,4,5,0,2,3,0,5,60,10,40,10,25,0,50,10,50,10,35,0,60,100,60,100,25,25,50,80,30,100,20,35,50,10,50,10,25,0,0,4,0902_C,ss,
394,14,25,23,1,0,1,0,28,35,0,0,50,0,2,3,0,1,4,0,5,60,10,40,10,25,0,50,10,50,10,35,0,60,100,60,100,25,25,50,80,30,100,20,35,50,10,50,10,25,0,0,5,0902_C,bs,
395,14,35,35,0,1,0,1,22,39,1,0,-22,50,2,4,0,2,3,0,5,60,10,40,10,25,0,50,10,50,10,35,0,60,100,60,100,25,25,50,80,30,100,20,35,50,10,50,10,25,0,0,6,0902_C,sb,
396,14,35,25,1,0,0,0,25,17,1,1,-25,-17,4,3,1,2,7,0,9,60,10,40,10,25,0,50,10,50,10,35,0,60,100,60,100,25,25,50,80,30,100,20,35,50,10,50,10,25,0,0,7,0902_C,bs,
397,14,25,25,1,0,1,0,50,49,0,0,50,0,2,3,0,1,3,0,4,60,10,40,10,25,0,50,10,50,10,35,0,60,100,60,100,25,25,50,80,30,100,20,35,50,10,50,10,25,0,0,8,0902_C,bs,
398,14,25,35,1,1,0,0,0,47,1,0,0,0,4,3,1,2,2,1,4,60,10,40,10,25,0,50,10,50,10,35,0,60,100,60,100,25,25,50,80,30,100,20,35,50,10,50,10,25,0,0,9,0902_C,bb,same
399,14,35,23,0,0,0,1,50,31,0,0,0,50,1,4,0,0,2,1,2,60,10,40,10,25,0,50,10,50,10,35,0,60,100,60,100,25,25,50,80,30,100,20,35,50,10,50,10,25,0,0,10,0902_C,ss,
400,14,34,21,0,0,0,0,6,48,1,0,-6,0,2,3,0,0,4,0,4,60,10,40,10,25,0,50,10,50,10,35,0,60,100,60,100,25,25,50,80,30,100,20,35,50,10,50,10,25,0,0,11,0902_C,ss,
401,14,25,21,1,0,1,0,5,1,1,1,45,-1,2,4,0,1,4,0,5,60,10,40,10,25,0,50,10,50,10,35,0,60,100,60,100,25,25,50,80,30,100,20,35,50,10,50,10,25,0,0,12,0902_C,bs,
402,14,15,0,0,0,0,1,18,0,0,1,0,50,1,3,0,1,1,1,2,60,10,40,10,25,0,50,10,50,10,35,0,60,100,60,100,25,25,50,80,30,100,20,35,50,10,50,10,25,0,0,13,0902_C,ss,
403,14,33,0,1,0,1,1,47,12,0,0,50,50,0,3,0,1,2,1,3,60,10,40,10,25,0,50,10,50,10,35,0,60,100,60,100,25,25,50,80,30,100,20,35,50,10,50,10,25,0,0,14,0902_C,bs,
404,14,25,0,0,0,0,1,32,12,0,0,0,50,2,3,0,0,2,1,2,60,10,40,10,25,0,50,10,50,10,35,0,60,100,60,100,25,25,50,80,30,100,20,35,50,10,50,10,25,0,0,15,0902_C,ss,
405,14,25,0,0,0,1,1,32,50,0,0,50,50,2,2,1,1,2,1,3,60,10,40,10,25,0,50,10,50,10,35,0,60,100,60,100,25,25,50,80,30,100,20,35,50,10,50,10,25,0,0,16,0902_C,ss,
406,14,24,0,1,1,1,0,10,33,1,0,40,0,1,5,0,0,3,1,3,60,10,40,10,25,0,50,10,50,10,35,0,60,100,60,100,25,25,50,80,30,100,20,35,50,10,50,10,25,0,0,17,0902_C,bb,same
407,14,23,0,0,1,0,0,47,9,0,0,0,0,1,2,0,1,2,1,3,60,10,40,10,25,0,50,10,50,10,35,0,60,100,60,100,25,25,50,80,30,100,20,35,50,10,50,10,25,0,0,18,0902_C,sb,
408,14,24,0,1,1,1,0,1,17,1,0,49,0,2,2,0,0,3,1,3,60,10,40,10,25,0,50,10,50,10,35,0,60,100,60,100,25,25,50,80,30,100,20,35,50,10,50,10,25,0,0,19,0902_C,bb,same
409,14,25,25,1,1,1,1,29,25,0,1,50,25,1,5,0,1,3,0,4,60,10,40,10,25,0,50,10,50,10,35,0,60,100,60,100,25,25,50,80,30,100,20,35,50,10,50,10,25,0,0,20,0902_C,bb,same
410,14,40,20,0,1,0,0,18,17,1,1,-18,-17,2,3,0,1,2,1,3,60,10,40,10,25,0,50,10,50,10,35,0,60,100,60,100,25,25,50,80,30,100,20,35,50,10,50,10,25,0,0,21,0902_C,sb,
411,14,16,0,0,0,0,1,26,16,0,0,0,50,0,0,0,0,2,1,2,60,10,40,10,25,0,50,10,50,10,35,0,60,100,60,100,25,25,50,80,30,100,20,35,50,10,50,10,25,0,0,22,0902_C,ss,
412,14,25,25,0,1,0,0,13,29,1,0,-13,0,1,2,0,0,2,1,2,60,10,40,10,25,0,50,10,50,10,35,0,60,100,60,100,25,25,50,80,30,100,20,35,50,10,50,10,25,0,0,23,0902_C,sb,
413,14,25,0,1,0,1,1,40,10,0,0,50,50,3,4,0,1,1,1,2,60,10,40,10,25,0,50,10,50,10,35,0,60,100,60,100,25,25,50,80,30,100,20,35,50,10,50,10,25,0,0,24,0902_C,bs,
414,14,24,0,1,1,0,0,28,26,0,0,0,0,3,1,1,0,0,1,0,60,10,40,10,25,0,50,10,50,10,35,0,60,100,60,100,25,25,50,80,30,100,20,35,50,10,50,10,25,0,0,25,0902_C,bb,same
415,14,25,0,1,1,1,0,38,43,0,0,50,0,1,3,0,0,3,1,3,60,10,40,10,25,0,50,10,50,10,35,0,60,100,60,100,25,25,50,80,30,100,20,35,50,10,50,10,25,0,0,26,0902_C,bb,same
416,14,24,0,0,1,0,0,12,3,1,0,-12,0,3,5,0,0,2,1,2,60,10,40,10,25,0,50,10,50,10,35,0,60,100,60,100,25,25,50,80,30,100,20,35,50,10,50,10,25,0,0,27,0902_C,sb,
417,14,20,0,0,1,0,0,18,26,1,0,-18,0,1,2,0,0,2,1,2,60,10,40,10,25,0,50,10,50,10,35,0,60,100,60,100,25,25,50,80,30,100,20,35,50,10,50,10,25,0,0,28,0902_C,sb,
418,14,20,0,1,0,1,1,43,16,0,0,50,50,2,3,0,0,2,1,2,60,10,40,10,25,0,50,10,50,10,35,0,60,100,60,100,25,25,50,80,30,100,20,35,50,10,50,10,25,0,0,29,0902_C,bs,
419,14,20,0,0,1,1,0,12,43,1,0,38,0,2,1,1,1,1,1,2,60,10,40,10,25,0,50,10,50,10,35,0,60,100,60,100,25,25,50,80,30,100,20,35,50,10,50,10,25,0,0,30,0902_C,sb,
420,15,1,45,0,1,1,1,1,27,1,1,49,23,4,3,1,1,3,0,4,90,20,70,10,49,0,90,20,80,10,49,0,90,60,80,70,49,0,30,60,20,65,0,0,60,40,30,30,0,0,0,1,0902_C,sb,
421,15,49,49,1,1,1,1,5,40,1,1,45,10,0,5,0,1,5,0,6,90,20,70,10,49,0,90,20,80,10,49,0,90,60,80,70,49,0,30,60,20,65,0,0,60,40,30,30,0,0,0,2,0902_C,bb,same
422,15,49,49,1,1,1,1,14,16,1,1,36,34,1,5,0,2,5,0,7,90,20,70,10,49,0,90,20,80,10,49,0,90,60,80,70,49,0,30,60,20,65,0,0,60,40,30,30,0,0,0,3,0902_C,bb,same
423,15,1,1,0,0,0,0,1,26,1,0,-1,0,4,5,0,2,3,0,5,90,20,70,10,49,0,90,20,80,10,49,0,90,60,80,70,49,0,30,60,20,65,0,0,60,40,30,30,0,0,0,4,0902_C,ss,
424,15,49,0,1,0,1,0,12,34,1,0,38,0,2,3,0,1,4,0,5,90,20,70,10,49,0,90,20,80,10,49,0,90,60,80,70,49,0,30,60,20,65,0,0,60,40,30,30,0,0,0,5,0902_C,bs,
425,15,0,49,0,1,0,1,36,2,0,1,0,48,2,4,0,2,3,0,5,90,20,70,10,49,0,90,20,80,10,49,0,90,60,80,70,49,0,30,60,20,65,0,0,60,40,30,30,0,0,0,6,0902_C,sb,
426,15,49,0,1,0,0,0,27,44,1,0,-27,0,4,3,1,2,7,0,9,90,20,70,10,49,0,90,20,80,10,49,0,90,60,80,70,49,0,30,60,20,65,0,0,60,40,30,30,0,0,0,7,0902_C,bs,
427,15,49,49,1,1,1,1,39,5,1,1,11,45,2,3,0,1,3,0,4,90,20,70,10,49,0,90,20,80,10,49,0,90,60,80,70,49,0,30,60,20,65,0,0,60,40,30,30,0,0,0,8,0902_C,bb,different
428,15,49,49,1,1,0,0,33,50,1,0,-33,0,4,3,1,2,2,1,4,90,20,70,10,49,0,90,20,80,10,49,0,90,60,80,70,49,0,30,60,20,65,0,0,60,40,30,30,0,0,0,9,0902_C,bb,same
429,15,0,0,0,0,0,1,42,45,0,0,0,50,1,4,0,0,2,1,2,90,20,70,10,49,0,90,20,80,10,49,0,90,60,80,70,49,0,30,60,20,65,0,0,60,40,30,30,0,0,0,10,0902_C,ss,
430,15,49,49,1,1,1,1,14,9,1,1,36,41,2,3,0,0,4,0,4,90,20,70,10,49,0,90,20,80,10,49,0,90,60,80,70,49,0,30,60,20,65,0,0,60,40,30,30,0,0,0,11,0902_C,bb,same
431,15,49,0,1,0,1,0,19,14,1,0,31,0,2,4,0,1,4,0,5,90,20,70,10,49,0,90,20,80,10,49,0,90,60,80,70,49,0,30,60,20,65,0,0,60,40,30,30,0,0,0,12,0902_C,bs,
432,15,0,0,0,0,0,1,43,27,0,0,0,50,1,3,0,1,1,1,2,90,20,70,10,49,0,90,20,80,10,49,0,90,60,80,70,49,0,30,60,20,65,0,0,60,40,30,30,0,0,0,13,0902_C,ss,
433,15,49,0,1,0,1,1,16,25,1,0,34,50,0,3,0,1,2,1,3,90,20,70,10,49,0,90,20,80,10,49,0,90,60,80,70,49,0,30,60,20,65,0,0,60,40,30,30,0,0,0,14,0902_C,bs,
434,15,0,0,0,0,0,1,31,6,0,0,0,50,2,3,0,0,2,1,2,90,20,70,10,49,0,90,20,80,10,49,0,90,60,80,70,49,0,30,60,20,65,0,0,60,40,30,30,0,0,0,15,0902_C,ss,
435,15,0,0,0,0,1,1,3,9,0,0,50,50,2,2,1,1,2,1,3,90,20,70,10,49,0,90,20,80,10,49,0,90,60,80,70,49,0,30,60,20,65,0,0,60,40,30,30,0,0,0,16,0902_C,ss,
436,15,49,49,1,1,1,0,1,45,1,1,49,-45,1,5,0,0,3,1,3,90,20,70,10,49,0,90,20,80,10,49,0,90,60,80,70,49,0,30,60,20,65,0,0,60,40,30,30,0,0,0,17,0902_C,bb,same
437,15,0,49,0,1,0,0,11,15,0,1,0,-15,1,2,0,1,2,1,3,90,20,70,10,49,0,90,20,80,10,49,0,90,60,80,70,49,0,30,60,20,65,0,0,60,40,30,30,0,0,0,18,0902_C,sb,
438,15,49,49,1,1,1,0,7,34,1,1,43,-34,2,2,0,0,3,1,3,90,20,70,10,49,0,90,20,80,10,49,0,90,60,80,70,49,0,30,60,20,65,0,0,60,40,30,30,0,0,0,19,0902_C,bb,same
439,15,49,49,1,1,1,1,0,1,1,1,50,49,1,5,0,1,3,0,4,90,20,70,10,49,0,90,20,80,10,49,0,90,60,80,70,49,0,30,60,20,65,0,0,60,40,30,30,0,0,0,20,0902_C,bb,same
440,15,0,49,0,1,0,0,38,30,0,1,0,-30,2,3,0,1,2,1,3,90,20,70,10,49,0,90,20,80,10,49,0,90,60,80,70,49,0,30,60,20,65,0,0,60,40,30,30,0,0,0,21,0902_C,sb,
441,15,0,0,0,0,0,1,46,50,0,0,0,50,0,0,0,0,2,1,2,90,20,70,10,49,0,90,20,80,10,49,0,90,60,80,70,49,0,30,60,20,65,0,0,60,40,30,30,0,0,0,22,0902_C,ss,
442,15,0,0,0,1,0,0,45,36,0,0,0,0,1,2,0,0,2,1,2,90,20,70,10,49,0,90,20,80,10,49,0,90,60,80,70,49,0,30,60,20,65,0,0,60,40,30,30,0,0,0,23,0902_C,sb,
443,15,49,0,1,0,1,1,11,20,1,0,39,50,3,4,0,1,1,1,2,90,20,70,10,49,0,90,20,80,10,49,0,90,60,80,70,49,0,30,60,20,65,0,0,60,40,30,30,0,0,0,24,0902_C,bs,
444,15,0,0,0,0,1,1,40,20,0,0,50,50,3,1,1,0,0,1,0,90,20,70,10,49,0,90,20,80,10,49,0,90,60,80,70,49,0,30,60,20,65,0,0,60,40,30,30,0,0,0,25,0902_C,ss,
445,15,49,49,1,1,1,0,39,14,1,1,11,-14,1,3,0,0,3,1,3,90,20,70,10,49,0,90,20,80,10,49,0,90,60,80,70,49,0,30,60,20,65,0,0,60,40,30,30,0,0,0,26,0902_C,bb,same
446,15,49,0,1,0,1,1,23,8,1,0,27,50,3,5,0,0,2,1,2,90,20,70,10,49,0,90,20,80,10,49,0,90,60,80,70,49,0,30,60,20,65,0,0,60,40,30,30,0,0,0,27,0902_C,bs,
447,15,0,0,0,1,0,0,47,46,0,0,0,0,1,2,0,0,2,1,2,90,20,70,10,49,0,90,20,80,10,49,0,90,60,80,70,49,0,30,60,20,65,0,0,60,40,30,30,0,0,0,28,0902_C,sb,
448,15,49,0,1,0,1,1,30,46,1,0,20,50,2,3,0,0,2,1,2,90,20,70,10,49,0,90,20,80,10,49,0,90,60,80,70,49,0,30,60,20,65,0,0,60,40,30,30,0,0,0,29,0902_C,bs,
449,15,0,0,0,1,1,0,17,8,0,0,50,0,2,1,1,1,1,1,2,90,20,70,10,49,0,90,20,80,10,49,0,90,60,80,70,49,0,30,60,20,65,0,0,60,40,30,30,0,0,0,30,0902_C,sb,
