,player.id_in_group,player.wtp_voting_cost,player.is_large_team,player.is_large_team_pq,player.is_winner,player.is_winner_pq,player.voting_cost,player.vote,player.temp_payoff,group.small_team_vote_count,group.large_team_vote_count,group.small_team_win,group.small_team_vote_count_pq,group.large_team_vote_count_pq,group.small_team_win_pq,group.total_vote_count_pq,player.Q2_vote,player.Q2_vote_pq,player.Q2_no_vote,player.Q2_no_vote_pq,player.Q2_willingness_to_pay,player.Q3_vote,player.Q3_vote_pq,player.Q3_no_vote,player.Q3_no_vote_pq,player.Q3_willingness_to_pay,player.Q4_vote,player.Q4_vote_pq,player.Q4_no_vote,player.Q4_no_vote_pq,player.Q4_willingness_to_pay,player.Q5_vote,player.Q5_vote_pq,player.Q5_no_vote,player.Q5_no_vote_pq,player.Q5_willingness_to_pay,player.Q6_vote,player.Q6_vote_pq,player.Q6_no_vote,player.Q6_no_vote_pq,player.Q6_willingness_to_pay,treatment,round_num,session,sb_condition,bb_pq
0,1,44,1,1,1,0,93,0,50,2,3,0,3,2,1,5,30,0,10,0,0,25,0,10,0,0,80,100,60,100,0,30,100,10,100,0,0,0,0,0,0,1,1,0826_a_treatment,bb,different
1,1,36,1,1,1,0,31,1,19,0,3,0,0,3,1,3,30,0,10,0,0,25,0,10,0,0,80,100,60,100,0,30,100,10,100,0,0,0,0,0,0,1,2,0826_a_treatment,bb,same
2,1,0,0,0,1,1,81,0,100,3,1,1,3,1,1,4,30,0,10,0,0,25,0,10,0,0,80,100,60,100,0,30,100,10,100,0,0,0,0,0,0,1,3,0826_a_treatment,ss,
3,1,0,1,0,1,1,69,0,100,0,3,0,2,1,1,3,30,0,10,0,0,25,0,10,0,0,80,100,60,100,0,30,100,10,100,0,0,0,0,0,0,1,4,0826_a_treatment,bs,
4,1,0,0,1,1,0,57,0,50,2,1,1,1,2,1,3,30,0,10,0,0,25,0,10,0,0,80,100,60,100,0,30,100,10,100,0,0,0,0,0,0,1,5,0826_a_treatment,sb,
5,1,0,1,0,1,1,88,0,100,0,2,0,2,0,1,2,30,0,10,0,0,25,0,10,0,0,80,100,60,100,0,30,100,10,100,0,0,0,0,0,0,1,6,0826_a_treatment,bs,
6,1,0,1,0,0,1,97,0,50,2,1,1,0,3,1,3,30,0,10,0,0,25,0,10,0,0,80,100,60,100,0,30,100,10,100,0,0,0,0,0,0,1,7,0826_a_treatment,bs,
7,1,0,0,1,1,0,21,0,50,2,2,1,1,3,1,4,30,0,10,0,0,25,0,10,0,0,80,100,60,100,0,30,100,10,100,0,0,0,0,0,0,1,8,0826_a_treatment,sb,
8,1,0,0,1,0,0,97,0,0,3,5,0,4,4,1,8,30,0,10,0,0,25,0,10,0,0,80,100,60,100,0,30,100,10,100,0,0,0,0,0,0,1,9,0826_a_treatment,sb,
9,1,0,0,0,0,1,35,0,50,1,4,0,1,4,1,5,30,0,10,0,0,25,0,10,0,0,80,100,60,100,0,30,100,10,100,0,0,0,0,0,0,1,10,0826_a_treatment,ss,
10,1,0,0,1,1,0,70,0,50,1,1,1,1,1,1,2,30,0,10,0,0,25,0,10,0,0,80,100,60,100,0,30,100,10,100,0,0,0,0,0,0,1,11,0826_a_treatment,sb,
11,1,0,0,1,0,0,28,0,0,0,1,0,1,0,1,1,30,0,10,0,0,25,0,10,0,0,80,100,60,100,0,30,100,10,100,0,0,0,0,0,0,1,12,0826_a_treatment,sb,
12,1,0,0,0,0,1,73,0,50,0,1,0,0,1,1,1,30,0,10,0,0,25,0,10,0,0,80,100,60,100,0,30,100,10,100,0,0,0,0,0,0,1,13,0826_a_treatment,ss,
13,1,0,1,1,1,0,83,0,50,0,3,0,0,3,1,3,30,0,10,0,0,25,0,10,0,0,80,100,60,100,0,30,100,10,100,0,0,0,0,0,0,1,14,0826_a_treatment,bb,same
14,1,0,0,1,1,0,87,0,50,2,0,1,0,2,1,2,30,0,10,0,0,25,0,10,0,0,80,100,60,100,0,30,100,10,100,0,0,0,0,0,0,1,15,0826_a_treatment,sb,
15,1,0,1,1,1,0,54,0,50,0,3,0,0,3,1,3,30,0,10,0,0,25,0,10,0,0,80,100,60,100,0,30,100,10,100,0,0,0,0,0,0,1,16,0826_a_treatment,bb,same
16,1,0,0,1,0,0,44,0,0,1,1,0,1,1,1,2,30,0,10,0,0,25,0,10,0,0,80,100,60,100,0,30,100,10,100,0,0,0,0,0,0,1,17,0826_a_treatment,sb,
17,1,0,1,1,1,0,4,0,50,0,0,0,0,0,1,0,30,0,10,0,0,25,0,10,0,0,80,100,60,100,0,30,100,10,100,0,0,0,0,0,0,1,18,0826_a_treatment,bb,same
18,1,0,1,0,1,1,3,0,100,1,3,0,3,1,1,4,30,0,10,0,0,25,0,10,0,0,80,100,60,100,0,30,100,10,100,0,0,0,0,0,0,1,19,0826_a_treatment,bs,
19,1,0,1,0,1,1,86,0,100,0,1,0,1,0,1,1,30,0,10,0,0,25,0,10,0,0,80,100,60,100,0,30,100,10,100,0,0,0,0,0,0,1,20,0826_a_treatment,bs,
20,1,0,1,1,0,0,52,0,0,1,1,1,1,1,1,2,30,0,10,0,0,25,0,10,0,0,80,100,60,100,0,30,100,10,100,0,0,0,0,0,0,1,21,0826_a_treatment,bb,same
21,1,0,1,1,0,0,24,0,0,1,0,1,1,0,1,1,30,0,10,0,0,25,0,10,0,0,80,100,60,100,0,30,100,10,100,0,0,0,0,0,0,1,22,0826_a_treatment,bb,same
22,1,0,0,0,0,1,52,0,50,1,4,0,1,4,1,5,30,0,10,0,0,25,0,10,0,0,80,100,60,100,0,30,100,10,100,0,0,0,0,0,0,1,23,0826_a_treatment,ss,
23,1,0,1,0,1,1,77,0,100,0,1,0,1,0,1,1,30,0,10,0,0,25,0,10,0,0,80,100,60,100,0,30,100,10,100,0,0,0,0,0,0,1,24,0826_a_treatment,bs,
24,1,0,0,0,0,1,60,0,50,0,1,0,0,1,1,1,30,0,10,0,0,25,0,10,0,0,80,100,60,100,0,30,100,10,100,0,0,0,0,0,0,1,25,0826_a_treatment,ss,
25,1,0,0,0,0,1,17,0,50,0,2,0,0,2,1,2,30,0,10,0,0,25,0,10,0,0,80,100,60,100,0,30,100,10,100,0,0,0,0,0,0,1,26,0826_a_treatment,ss,
26,1,0,1,1,1,0,75,0,50,0,0,0,0,0,1,0,30,0,10,0,0,25,0,10,0,0,80,100,60,100,0,30,100,10,100,0,0,0,0,0,0,1,27,0826_a_treatment,bb,same
27,1,0,1,1,0,0,26,0,0,0,0,1,0,0,1,0,30,0,10,0,0,25,0,10,0,0,80,100,60,100,0,30,100,10,100,0,0,0,0,0,0,1,28,0826_a_treatment,bb,same
28,1,0,1,0,1,1,29,0,100,0,0,0,0,0,1,0,30,0,10,0,0,25,0,10,0,0,80,100,60,100,0,30,100,10,100,0,0,0,0,0,0,1,29,0826_a_treatment,bs,
29,1,0,0,0,0,1,11,0,50,0,1,0,0,1,1,1,30,0,10,0,0,25,0,10,0,0,80,100,60,100,0,30,100,10,100,0,0,0,0,0,0,1,30,0826_a_treatment,ss,
30,2,45,0,1,0,0,1,1,-1,2,3,0,3,2,1,5,50,30,50,10,1,70,30,50,10,1,70,50,30,70,30,70,70,70,70,3,50,30,70,20,20,1,1,0826_a_treatment,sb,
31,2,45,1,1,1,0,14,1,36,0,3,0,0,3,1,3,50,30,50,10,1,70,30,50,10,1,70,50,30,70,30,70,70,70,70,3,50,30,70,20,20,1,2,0826_a_treatment,bb,same
32,2,45,0,0,1,1,35,1,65,3,1,1,3,1,1,4,50,30,50,10,1,70,30,50,10,1,70,50,30,70,30,70,70,70,70,3,50,30,70,20,20,1,3,0826_a_treatment,ss,
33,2,44,1,1,1,0,12,1,38,0,3,0,2,1,1,3,50,30,50,10,1,70,30,50,10,1,70,50,30,70,30,70,70,70,70,3,50,30,70,20,20,1,4,0826_a_treatment,bb,different
34,2,1,0,1,1,0,32,0,50,2,1,1,1,2,1,3,50,30,50,10,1,70,30,50,10,1,70,50,30,70,30,70,70,70,70,3,50,30,70,20,20,1,5,0826_a_treatment,sb,
35,2,2,1,0,1,1,67,0,100,0,2,0,2,0,1,2,50,30,50,10,1,70,30,50,10,1,70,50,30,70,30,70,70,70,70,3,50,30,70,20,20,1,6,0826_a_treatment,bs,
36,2,1,1,0,0,1,21,0,50,2,1,1,0,3,1,3,50,30,50,10,1,70,30,50,10,1,70,50,30,70,30,70,70,70,70,3,50,30,70,20,20,1,7,0826_a_treatment,bs,
37,2,0,0,1,1,0,47,0,50,2,2,1,1,3,1,4,50,30,50,10,1,70,30,50,10,1,70,50,30,70,30,70,70,70,70,3,50,30,70,20,20,1,8,0826_a_treatment,sb,
38,2,10,0,1,0,0,93,0,0,3,5,0,4,4,1,8,50,30,50,10,1,70,30,50,10,1,70,50,30,70,30,70,70,70,70,3,50,30,70,20,20,1,9,0826_a_treatment,sb,
39,2,0,0,0,0,1,32,0,50,1,4,0,1,4,1,5,50,30,50,10,1,70,30,50,10,1,70,50,30,70,30,70,70,70,70,3,50,30,70,20,20,1,10,0826_a_treatment,ss,
40,2,4,0,1,1,0,20,0,50,1,1,1,1,1,1,2,50,30,50,10,1,70,30,50,10,1,70,50,30,70,30,70,70,70,70,3,50,30,70,20,20,1,11,0826_a_treatment,sb,
41,2,0,1,0,1,1,69,0,100,0,1,0,1,0,1,1,50,30,50,10,1,70,30,50,10,1,70,50,30,70,30,70,70,70,70,3,50,30,70,20,20,1,12,0826_a_treatment,bs,
42,2,75,1,1,1,0,54,1,-4,0,1,0,0,1,1,1,50,30,50,10,1,70,30,50,10,1,70,50,30,70,30,70,70,70,70,3,50,30,70,20,20,1,13,0826_a_treatment,bb,same
43,2,0,1,1,1,0,22,0,50,0,3,0,0,3,1,3,50,30,50,10,1,70,30,50,10,1,70,50,30,70,30,70,70,70,70,3,50,30,70,20,20,1,14,0826_a_treatment,bb,same
44,2,1,0,1,1,0,43,0,50,2,0,1,0,2,1,2,50,30,50,10,1,70,30,50,10,1,70,50,30,70,30,70,70,70,70,3,50,30,70,20,20,1,15,0826_a_treatment,sb,
45,2,20,1,1,1,0,6,1,44,0,3,0,0,3,1,3,50,30,50,10,1,70,30,50,10,1,70,50,30,70,30,70,70,70,70,3,50,30,70,20,20,1,16,0826_a_treatment,bb,same
46,2,0,0,1,0,0,11,0,0,1,1,0,1,1,1,2,50,30,50,10,1,70,30,50,10,1,70,50,30,70,30,70,70,70,70,3,50,30,70,20,20,1,17,0826_a_treatment,sb,
47,2,0,1,1,1,0,32,0,50,0,0,0,0,0,1,0,50,30,50,10,1,70,30,50,10,1,70,50,30,70,30,70,70,70,70,3,50,30,70,20,20,1,18,0826_a_treatment,bb,same
48,2,9,1,0,1,1,48,0,100,1,3,0,3,1,1,4,50,30,50,10,1,70,30,50,10,1,70,50,30,70,30,70,70,70,70,3,50,30,70,20,20,1,19,0826_a_treatment,bs,
49,2,49,1,0,1,1,15,1,85,0,1,0,1,0,1,1,50,30,50,10,1,70,30,50,10,1,70,50,30,70,30,70,70,70,70,3,50,30,70,20,20,1,20,0826_a_treatment,bs,
50,2,20,1,1,0,0,42,0,0,1,1,1,1,1,1,2,50,30,50,10,1,70,30,50,10,1,70,50,30,70,30,70,70,70,70,3,50,30,70,20,20,1,21,0826_a_treatment,bb,same
51,2,0,0,0,1,1,5,0,100,1,0,1,1,0,1,1,50,30,50,10,1,70,30,50,10,1,70,50,30,70,30,70,70,70,70,3,50,30,70,20,20,1,22,0826_a_treatment,ss,
52,2,0,0,0,0,1,87,0,50,1,4,0,1,4,1,5,50,30,50,10,1,70,30,50,10,1,70,50,30,70,30,70,70,70,70,3,50,30,70,20,20,1,23,0826_a_treatment,ss,
53,2,0,1,0,1,1,66,0,100,0,1,0,1,0,1,1,50,30,50,10,1,70,30,50,10,1,70,50,30,70,30,70,70,70,70,3,50,30,70,20,20,1,24,0826_a_treatment,bs,
54,2,0,0,0,0,1,82,0,50,0,1,0,0,1,1,1,50,30,50,10,1,70,30,50,10,1,70,50,30,70,30,70,70,70,70,3,50,30,70,20,20,1,25,0826_a_treatment,ss,
55,2,0,0,0,0,1,31,0,50,0,2,0,0,2,1,2,50,30,50,10,1,70,30,50,10,1,70,50,30,70,30,70,70,70,70,3,50,30,70,20,20,1,26,0826_a_treatment,ss,
56,2,0,1,1,1,0,91,0,50,0,0,0,0,0,1,0,50,30,50,10,1,70,30,50,10,1,70,50,30,70,30,70,70,70,70,3,50,30,70,20,20,1,27,0826_a_treatment,bb,same
57,2,0,1,1,0,0,7,0,0,0,0,1,0,0,1,0,50,30,50,10,1,70,30,50,10,1,70,50,30,70,30,70,70,70,70,3,50,30,70,20,20,1,28,0826_a_treatment,bb,same
58,2,0,1,0,1,1,65,0,100,0,0,0,0,0,1,0,50,30,50,10,1,70,30,50,10,1,70,50,30,70,30,70,70,70,70,3,50,30,70,20,20,1,29,0826_a_treatment,bs,
59,2,0,0,0,0,1,2,0,50,0,1,0,0,1,1,1,50,30,50,10,1,70,30,50,10,1,70,50,30,70,30,70,70,70,70,3,50,30,70,20,20,1,30,0826_a_treatment,ss,
60,3,0,0,1,0,0,28,0,0,2,3,0,3,2,1,5,70,0,30,0,0,70,0,50,0,0,70,100,30,100,40,50,100,50,100,0,70,0,50,0,0,1,1,0826_a_treatment,sb,
61,3,0,1,1,1,0,62,0,50,0,3,0,0,3,1,3,70,0,30,0,0,70,0,50,0,0,70,100,30,100,40,50,100,50,100,0,70,0,50,0,0,1,2,0826_a_treatment,bb,same
62,3,0,0,0,1,1,45,0,100,3,1,1,3,1,1,4,70,0,30,0,0,70,0,50,0,0,70,100,30,100,40,50,100,50,100,0,70,0,50,0,0,1,3,0826_a_treatment,ss,
63,3,0,0,1,0,0,22,0,0,0,3,0,2,1,1,3,70,0,30,0,0,70,0,50,0,0,70,100,30,100,40,50,100,50,100,0,70,0,50,0,0,1,4,0826_a_treatment,sb,
64,3,30,0,1,1,0,8,1,42,2,1,1,1,2,1,3,70,0,30,0,0,70,0,50,0,0,70,100,30,100,40,50,100,50,100,0,70,0,50,0,0,1,5,0826_a_treatment,sb,
65,3,20,1,1,1,0,72,0,50,0,2,0,2,0,1,2,70,0,30,0,0,70,0,50,0,0,70,100,30,100,40,50,100,50,100,0,70,0,50,0,0,1,6,0826_a_treatment,bb,different
66,3,0,1,0,0,1,56,0,50,2,1,1,0,3,1,3,70,0,30,0,0,70,0,50,0,0,70,100,30,100,40,50,100,50,100,0,70,0,50,0,0,1,7,0826_a_treatment,bs,
67,3,35,0,1,1,0,0,1,50,2,2,1,1,3,1,4,70,0,30,0,0,70,0,50,0,0,70,100,30,100,40,50,100,50,100,0,70,0,50,0,0,1,8,0826_a_treatment,sb,
68,3,30,0,1,0,0,19,1,-19,3,5,0,4,4,1,8,70,0,30,0,0,70,0,50,0,0,70,100,30,100,40,50,100,50,100,0,70,0,50,0,0,1,9,0826_a_treatment,sb,
69,3,0,0,0,0,1,65,0,50,1,4,0,1,4,1,5,70,0,30,0,0,70,0,50,0,0,70,100,30,100,40,50,100,50,100,0,70,0,50,0,0,1,10,0826_a_treatment,ss,
70,3,0,0,1,1,0,68,0,50,1,1,1,1,1,1,2,70,0,30,0,0,70,0,50,0,0,70,100,30,100,40,50,100,50,100,0,70,0,50,0,0,1,11,0826_a_treatment,sb,
71,3,9,1,0,1,1,68,0,100,0,1,0,1,0,1,1,70,0,30,0,0,70,0,50,0,0,70,100,30,100,40,50,100,50,100,0,70,0,50,0,0,1,12,0826_a_treatment,bs,
72,3,0,1,1,1,0,85,0,50,0,1,0,0,1,1,1,70,0,30,0,0,70,0,50,0,0,70,100,30,100,40,50,100,50,100,0,70,0,50,0,0,1,13,0826_a_treatment,bb,same
73,3,0,1,1,1,0,3,0,50,0,3,0,0,3,1,3,70,0,30,0,0,70,0,50,0,0,70,100,30,100,40,50,100,50,100,0,70,0,50,0,0,1,14,0826_a_treatment,bb,same
74,3,0,1,0,0,1,73,0,50,2,0,1,0,2,1,2,70,0,30,0,0,70,0,50,0,0,70,100,30,100,40,50,100,50,100,0,70,0,50,0,0,1,15,0826_a_treatment,bs,
75,3,40,1,1,1,0,7,1,43,0,3,0,0,3,1,3,70,0,30,0,0,70,0,50,0,0,70,100,30,100,40,50,100,50,100,0,70,0,50,0,0,1,16,0826_a_treatment,bb,same
76,3,30,0,1,0,0,50,0,0,1,1,0,1,1,1,2,70,0,30,0,0,70,0,50,0,0,70,100,30,100,40,50,100,50,100,0,70,0,50,0,0,1,17,0826_a_treatment,sb,
77,3,0,1,1,1,0,75,0,50,0,0,0,0,0,1,0,70,0,30,0,0,70,0,50,0,0,70,100,30,100,40,50,100,50,100,0,70,0,50,0,0,1,18,0826_a_treatment,bb,same
78,3,0,1,0,1,1,58,0,100,1,3,0,3,1,1,4,70,0,30,0,0,70,0,50,0,0,70,100,30,100,40,50,100,50,100,0,70,0,50,0,0,1,19,0826_a_treatment,bs,
79,3,0,1,0,1,1,12,0,100,0,1,0,1,0,1,1,70,0,30,0,0,70,0,50,0,0,70,100,30,100,40,50,100,50,100,0,70,0,50,0,0,1,20,0826_a_treatment,bs,
80,3,40,0,0,1,1,88,0,100,1,1,1,1,1,1,2,70,0,30,0,0,70,0,50,0,0,70,100,30,100,40,50,100,50,100,0,70,0,50,0,0,1,21,0826_a_treatment,ss,
81,3,30,0,0,1,1,91,0,100,1,0,1,1,0,1,1,70,0,30,0,0,70,0,50,0,0,70,100,30,100,40,50,100,50,100,0,70,0,50,0,0,1,22,0826_a_treatment,ss,
82,3,30,0,0,0,1,21,1,29,1,4,0,1,4,1,5,70,0,30,0,0,70,0,50,0,0,70,100,30,100,40,50,100,50,100,0,70,0,50,0,0,1,23,0826_a_treatment,ss,
83,3,0,1,0,1,1,72,0,100,0,1,0,1,0,1,1,70,0,30,0,0,70,0,50,0,0,70,100,30,100,40,50,100,50,100,0,70,0,50,0,0,1,24,0826_a_treatment,bs,
84,3,50,1,1,1,0,6,1,44,0,1,0,0,1,1,1,70,0,30,0,0,70,0,50,0,0,70,100,30,100,40,50,100,50,100,0,70,0,50,0,0,1,25,0826_a_treatment,bb,same
85,3,0,0,0,0,1,67,0,50,0,2,0,0,2,1,2,70,0,30,0,0,70,0,50,0,0,70,100,30,100,40,50,100,50,100,0,70,0,50,0,0,1,26,0826_a_treatment,ss,
86,3,0,1,1,1,0,96,0,50,0,0,0,0,0,1,0,70,0,30,0,0,70,0,50,0,0,70,100,30,100,40,50,100,50,100,0,70,0,50,0,0,1,27,0826_a_treatment,bb,same
87,3,0,1,1,0,0,83,0,0,0,0,1,0,0,1,0,70,0,30,0,0,70,0,50,0,0,70,100,30,100,40,50,100,50,100,0,70,0,50,0,0,1,28,0826_a_treatment,bb,same
88,3,0,1,0,1,1,84,0,100,0,0,0,0,0,1,0,70,0,30,0,0,70,0,50,0,0,70,100,30,100,40,50,100,50,100,0,70,0,50,0,0,1,29,0826_a_treatment,bs,
89,3,0,0,0,0,1,30,0,50,0,1,0,0,1,1,1,70,0,30,0,0,70,0,50,0,0,70,100,30,100,40,50,100,50,100,0,70,0,50,0,0,1,30,0826_a_treatment,ss,
90,4,25,0,1,0,0,31,0,0,2,3,0,3,2,1,5,40,15,30,10,20,50,20,30,10,10,40,60,30,80,5,50,60,40,80,5,40,30,30,20,10,1,1,0826_a_treatment,sb,
91,4,25,0,0,0,1,88,0,50,0,3,0,0,3,1,3,40,15,30,10,20,50,20,30,10,10,40,60,30,80,5,50,60,40,80,5,40,30,30,20,10,1,2,0826_a_treatment,ss,
92,4,30,1,1,0,0,33,0,0,3,1,1,3,1,1,4,40,15,30,10,20,50,20,30,10,10,40,60,30,80,5,50,60,40,80,5,40,30,30,20,10,1,3,0826_a_treatment,bb,same
93,4,33,0,1,0,0,65,0,0,0,3,0,2,1,1,3,40,15,30,10,20,50,20,30,10,10,40,60,30,80,5,50,60,40,80,5,40,30,30,20,10,1,4,0826_a_treatment,sb,
94,4,25,0,1,1,0,32,0,50,2,1,1,1,2,1,3,40,15,30,10,20,50,20,30,10,10,40,60,30,80,5,50,60,40,80,5,40,30,30,20,10,1,5,0826_a_treatment,sb,
95,4,30,0,1,0,0,40,0,0,0,2,0,2,0,1,2,40,15,30,10,20,50,20,30,10,10,40,60,30,80,5,50,60,40,80,5,40,30,30,20,10,1,6,0826_a_treatment,sb,
96,4,42,1,1,0,0,27,1,-27,2,1,1,0,3,1,3,40,15,30,10,20,50,20,30,10,10,40,60,30,80,5,50,60,40,80,5,40,30,30,20,10,1,7,0826_a_treatment,bb,different
97,4,10,0,1,1,0,49,0,50,2,2,1,1,3,1,4,40,15,30,10,20,50,20,30,10,10,40,60,30,80,5,50,60,40,80,5,40,30,30,20,10,1,8,0826_a_treatment,sb,
98,4,20,0,1,0,0,3,1,-3,3,5,0,4,4,1,8,40,15,30,10,20,50,20,30,10,10,40,60,30,80,5,50,60,40,80,5,40,30,30,20,10,1,9,0826_a_treatment,sb,
99,4,10,0,0,0,1,11,0,50,1,4,0,1,4,1,5,40,15,30,10,20,50,20,30,10,10,40,60,30,80,5,50,60,40,80,5,40,30,30,20,10,1,10,0826_a_treatment,ss,
100,4,20,0,1,1,0,12,1,38,1,1,1,1,1,1,2,40,15,30,10,20,50,20,30,10,10,40,60,30,80,5,50,60,40,80,5,40,30,30,20,10,1,11,0826_a_treatment,sb,
101,4,10,1,0,1,1,79,0,100,0,1,0,1,0,1,1,40,15,30,10,20,50,20,30,10,10,40,60,30,80,5,50,60,40,80,5,40,30,30,20,10,1,12,0826_a_treatment,bs,
102,4,20,1,1,1,0,95,0,50,0,1,0,0,1,1,1,40,15,30,10,20,50,20,30,10,10,40,60,30,80,5,50,60,40,80,5,40,30,30,20,10,1,13,0826_a_treatment,bb,same
103,4,23,1,1,1,0,6,1,44,0,3,0,0,3,1,3,40,15,30,10,20,50,20,30,10,10,40,60,30,80,5,50,60,40,80,5,40,30,30,20,10,1,14,0826_a_treatment,bb,same
104,4,20,1,0,0,1,41,0,50,2,0,1,0,2,1,2,40,15,30,10,20,50,20,30,10,10,40,60,30,80,5,50,60,40,80,5,40,30,30,20,10,1,15,0826_a_treatment,bs,
105,4,20,1,1,1,0,50,0,50,0,3,0,0,3,1,3,40,15,30,10,20,50,20,30,10,10,40,60,30,80,5,50,60,40,80,5,40,30,30,20,10,1,16,0826_a_treatment,bb,same
106,4,10,1,0,1,1,58,0,100,1,1,0,1,1,1,2,40,15,30,10,20,50,20,30,10,10,40,60,30,80,5,50,60,40,80,5,40,30,30,20,10,1,17,0826_a_treatment,bs,
107,4,15,1,1,1,0,59,0,50,0,0,0,0,0,1,0,40,15,30,10,20,50,20,30,10,10,40,60,30,80,5,50,60,40,80,5,40,30,30,20,10,1,18,0826_a_treatment,bb,same
108,4,15,1,0,1,1,16,0,100,1,3,0,3,1,1,4,40,15,30,10,20,50,20,30,10,10,40,60,30,80,5,50,60,40,80,5,40,30,30,20,10,1,19,0826_a_treatment,bs,
109,4,10,1,0,1,1,35,0,100,0,1,0,1,0,1,1,40,15,30,10,20,50,20,30,10,10,40,60,30,80,5,50,60,40,80,5,40,30,30,20,10,1,20,0826_a_treatment,bs,
110,4,10,0,0,1,1,1,1,99,1,1,1,1,1,1,2,40,15,30,10,20,50,20,30,10,10,40,60,30,80,5,50,60,40,80,5,40,30,30,20,10,1,21,0826_a_treatment,ss,
111,4,5,0,0,1,1,27,0,100,1,0,1,1,0,1,1,40,15,30,10,20,50,20,30,10,10,40,60,30,80,5,50,60,40,80,5,40,30,30,20,10,1,22,0826_a_treatment,ss,
112,4,5,0,0,0,1,45,0,50,1,4,0,1,4,1,5,40,15,30,10,20,50,20,30,10,10,40,60,30,80,5,50,60,40,80,5,40,30,30,20,10,1,23,0826_a_treatment,ss,
113,4,5,1,0,1,1,80,0,100,0,1,0,1,0,1,1,40,15,30,10,20,50,20,30,10,10,40,60,30,80,5,50,60,40,80,5,40,30,30,20,10,1,24,0826_a_treatment,bs,
114,4,20,1,1,1,0,63,0,50,0,1,0,0,1,1,1,40,15,30,10,20,50,20,30,10,10,40,60,30,80,5,50,60,40,80,5,40,30,30,20,10,1,25,0826_a_treatment,bb,same
115,4,5,0,0,0,1,81,0,50,0,2,0,0,2,1,2,40,15,30,10,20,50,20,30,10,10,40,60,30,80,5,50,60,40,80,5,40,30,30,20,10,1,26,0826_a_treatment,ss,
116,4,10,1,1,1,0,33,0,50,0,0,0,0,0,1,0,40,15,30,10,20,50,20,30,10,10,40,60,30,80,5,50,60,40,80,5,40,30,30,20,10,1,27,0826_a_treatment,bb,same
117,4,10,1,1,0,0,86,0,0,0,0,1,0,0,1,0,40,15,30,10,20,50,20,30,10,10,40,60,30,80,5,50,60,40,80,5,40,30,30,20,10,1,28,0826_a_treatment,bb,same
118,4,5,1,0,1,1,31,0,100,0,0,0,0,0,1,0,40,15,30,10,20,50,20,30,10,10,40,60,30,80,5,50,60,40,80,5,40,30,30,20,10,1,29,0826_a_treatment,bs,
119,4,5,0,0,0,1,27,0,50,0,1,0,0,1,1,1,40,15,30,10,20,50,20,30,10,10,40,60,30,80,5,50,60,40,80,5,40,30,30,20,10,1,30,0826_a_treatment,ss,
120,5,35,0,1,0,0,80,0,0,2,3,0,3,2,1,5,60,40,70,20,30,60,40,80,20,20,70,70,80,80,50,30,50,50,80,10,10,10,30,30,10,1,1,0826_a_treatment,sb,
121,5,45,0,0,0,1,63,0,50,0,3,0,0,3,1,3,60,40,70,20,30,60,40,80,20,20,70,70,80,80,50,30,50,50,80,10,10,10,30,30,10,1,2,0826_a_treatment,ss,
122,5,66,1,1,0,0,99,0,0,3,1,1,3,1,1,4,60,40,70,20,30,60,40,80,20,20,70,70,80,80,50,30,50,50,80,10,10,10,30,30,10,1,3,0826_a_treatment,bb,same
123,5,25,0,1,0,0,53,0,0,0,3,0,2,1,1,3,60,40,70,20,30,60,40,80,20,20,70,70,80,80,50,30,50,50,80,10,10,10,30,30,10,1,4,0826_a_treatment,sb,
124,5,15,0,1,1,0,64,0,50,2,1,1,1,2,1,3,60,40,70,20,30,60,40,80,20,20,70,70,80,80,50,30,50,50,80,10,10,10,30,30,10,1,5,0826_a_treatment,sb,
125,5,11,0,1,0,0,96,0,0,0,2,0,2,0,1,2,60,40,70,20,30,60,40,80,20,20,70,70,80,80,50,30,50,50,80,10,10,10,30,30,10,1,6,0826_a_treatment,sb,
126,5,11,0,1,1,0,30,0,50,2,1,1,0,3,1,3,60,40,70,20,30,60,40,80,20,20,70,70,80,80,50,30,50,50,80,10,10,10,30,30,10,1,7,0826_a_treatment,sb,
127,5,11,0,1,1,0,94,0,50,2,2,1,1,3,1,4,60,40,70,20,30,60,40,80,20,20,70,70,80,80,50,30,50,50,80,10,10,10,30,30,10,1,8,0826_a_treatment,sb,
128,5,56,1,0,1,1,45,1,55,3,5,0,4,4,1,8,60,40,70,20,30,60,40,80,20,20,70,70,80,80,50,30,50,50,80,10,10,10,30,30,10,1,9,0826_a_treatment,bs,
129,5,45,0,0,0,1,19,1,31,1,4,0,1,4,1,5,60,40,70,20,30,60,40,80,20,20,70,70,80,80,50,30,50,50,80,10,10,10,30,30,10,1,10,0826_a_treatment,ss,
130,5,10,0,1,1,0,25,0,50,1,1,1,1,1,1,2,60,40,70,20,30,60,40,80,20,20,70,70,80,80,50,30,50,50,80,10,10,10,30,30,10,1,11,0826_a_treatment,sb,
131,5,21,1,0,1,1,91,0,100,0,1,0,1,0,1,1,60,40,70,20,30,60,40,80,20,20,70,70,80,80,50,30,50,50,80,10,10,10,30,30,10,1,12,0826_a_treatment,bs,
132,5,10,1,1,1,0,23,0,50,0,1,0,0,1,1,1,60,40,70,20,30,60,40,80,20,20,70,70,80,80,50,30,50,50,80,10,10,10,30,30,10,1,13,0826_a_treatment,bb,same
133,5,3,1,1,1,0,70,0,50,0,3,0,0,3,1,3,60,40,70,20,30,60,40,80,20,20,70,70,80,80,50,30,50,50,80,10,10,10,30,30,10,1,14,0826_a_treatment,bb,same
134,5,10,1,0,0,1,74,0,50,2,0,1,0,2,1,2,60,40,70,20,30,60,40,80,20,20,70,70,80,80,50,30,50,50,80,10,10,10,30,30,10,1,15,0826_a_treatment,bs,
135,5,19,0,0,0,1,98,0,50,0,3,0,0,3,1,3,60,40,70,20,30,60,40,80,20,20,70,70,80,80,50,30,50,50,80,10,10,10,30,30,10,1,16,0826_a_treatment,ss,
136,5,14,1,0,1,1,90,0,100,1,1,0,1,1,1,2,60,40,70,20,30,60,40,80,20,20,70,70,80,80,50,30,50,50,80,10,10,10,30,30,10,1,17,0826_a_treatment,bs,
137,5,5,1,1,1,0,63,0,50,0,0,0,0,0,1,0,60,40,70,20,30,60,40,80,20,20,70,70,80,80,50,30,50,50,80,10,10,10,30,30,10,1,18,0826_a_treatment,bb,same
138,5,11,1,0,1,1,7,1,93,1,3,0,3,1,1,4,60,40,70,20,30,60,40,80,20,20,70,70,80,80,50,30,50,50,80,10,10,10,30,30,10,1,19,0826_a_treatment,bs,
139,5,3,1,0,1,1,59,0,100,0,1,0,1,0,1,1,60,40,70,20,30,60,40,80,20,20,70,70,80,80,50,30,50,50,80,10,10,10,30,30,10,1,20,0826_a_treatment,bs,
140,5,5,0,0,1,1,49,0,100,1,1,1,1,1,1,2,60,40,70,20,30,60,40,80,20,20,70,70,80,80,50,30,50,50,80,10,10,10,30,30,10,1,21,0826_a_treatment,ss,
141,5,5,0,0,1,1,66,0,100,1,0,1,1,0,1,1,60,40,70,20,30,60,40,80,20,20,70,70,80,80,50,30,50,50,80,10,10,10,30,30,10,1,22,0826_a_treatment,ss,
142,5,10,1,1,1,0,57,0,50,1,4,0,1,4,1,5,60,40,70,20,30,60,40,80,20,20,70,70,80,80,50,30,50,50,80,10,10,10,30,30,10,1,23,0826_a_treatment,bb,same
143,5,1,1,1,1,0,63,0,50,0,1,0,1,0,1,1,60,40,70,20,30,60,40,80,20,20,70,70,80,80,50,30,50,50,80,10,10,10,30,30,10,1,24,0826_a_treatment,bb,different
144,5,3,1,1,1,0,23,0,50,0,1,0,0,1,1,1,60,40,70,20,30,60,40,80,20,20,70,70,80,80,50,30,50,50,80,10,10,10,30,30,10,1,25,0826_a_treatment,bb,same
145,5,2,0,0,0,1,77,0,50,0,2,0,0,2,1,2,60,40,70,20,30,60,40,80,20,20,70,70,80,80,50,30,50,50,80,10,10,10,30,30,10,1,26,0826_a_treatment,ss,
146,5,11,1,1,1,0,78,0,50,0,0,0,0,0,1,0,60,40,70,20,30,60,40,80,20,20,70,70,80,80,50,30,50,50,80,10,10,10,30,30,10,1,27,0826_a_treatment,bb,same
147,5,1,1,1,0,0,48,0,0,0,0,1,0,0,1,0,60,40,70,20,30,60,40,80,20,20,70,70,80,80,50,30,50,50,80,10,10,10,30,30,10,1,28,0826_a_treatment,bb,same
148,5,10,1,0,1,1,77,0,100,0,0,0,0,0,1,0,60,40,70,20,30,60,40,80,20,20,70,70,80,80,50,30,50,50,80,10,10,10,30,30,10,1,29,0826_a_treatment,bs,
149,5,12,0,0,0,1,80,0,50,0,1,0,0,1,1,1,60,40,70,20,30,60,40,80,20,20,70,70,80,80,50,30,50,50,80,10,10,10,30,30,10,1,30,0826_a_treatment,ss,
150,6,45,0,1,0,0,84,0,0,2,3,0,3,2,1,5,50,50,30,70,30,50,50,20,80,30,50,50,30,70,30,60,40,30,70,30,50,50,50,50,30,1,1,0826_a_treatment,sb,
151,6,10,0,0,0,1,66,0,50,0,3,0,0,3,1,3,50,50,30,70,30,50,50,20,80,30,50,50,30,70,30,60,40,30,70,30,50,50,50,50,30,1,2,0826_a_treatment,ss,
152,6,10,1,1,0,0,77,0,0,3,1,1,3,1,1,4,50,50,30,70,30,50,50,20,80,30,50,50,30,70,30,60,40,30,70,30,50,50,50,50,30,1,3,0826_a_treatment,bb,same
153,6,20,0,1,0,0,23,0,0,0,3,0,2,1,1,3,50,50,30,70,30,50,50,20,80,30,50,50,30,70,30,60,40,30,70,30,50,50,50,50,30,1,4,0826_a_treatment,sb,
154,6,85,0,1,1,0,47,1,3,2,1,1,1,2,1,3,50,50,30,70,30,50,50,20,80,30,50,50,30,70,30,60,40,30,70,30,50,50,50,50,30,1,5,0826_a_treatment,sb,
155,6,30,0,1,0,0,38,0,0,0,2,0,2,0,1,2,50,50,30,70,30,50,50,20,80,30,50,50,30,70,30,60,40,30,70,30,50,50,50,50,30,1,6,0826_a_treatment,sb,
156,6,10,0,1,1,0,9,1,41,2,1,1,0,3,1,3,50,50,30,70,30,50,50,20,80,30,50,50,30,70,30,60,40,30,70,30,50,50,50,50,30,1,7,0826_a_treatment,sb,
157,6,10,1,0,0,1,66,0,50,2,2,1,1,3,1,4,50,50,30,70,30,50,50,20,80,30,50,50,30,70,30,60,40,30,70,30,50,50,50,50,30,1,8,0826_a_treatment,bs,
158,6,10,1,0,1,1,1,1,99,3,5,0,4,4,1,8,50,50,30,70,30,50,50,20,80,30,50,50,30,70,30,60,40,30,70,30,50,50,50,50,30,1,9,0826_a_treatment,bs,
159,6,10,1,1,1,0,85,0,50,1,4,0,1,4,1,5,50,50,30,70,30,50,50,20,80,30,50,50,30,70,30,60,40,30,70,30,50,50,50,50,30,1,10,0826_a_treatment,bb,same
160,6,10,0,1,1,0,18,0,50,1,1,1,1,1,1,2,50,50,30,70,30,50,50,20,80,30,50,50,30,70,30,60,40,30,70,30,50,50,50,50,30,1,11,0826_a_treatment,sb,
161,6,10,1,0,1,1,0,1,100,0,1,0,1,0,1,1,50,50,30,70,30,50,50,20,80,30,50,50,30,70,30,60,40,30,70,30,50,50,50,50,30,1,12,0826_a_treatment,bs,
162,6,10,1,1,1,0,39,0,50,0,1,0,0,1,1,1,50,50,30,70,30,50,50,20,80,30,50,50,30,70,30,60,40,30,70,30,50,50,50,50,30,1,13,0826_a_treatment,bb,same
163,6,10,0,0,0,1,44,0,50,0,3,0,0,3,1,3,50,50,30,70,30,50,50,20,80,30,50,50,30,70,30,60,40,30,70,30,50,50,50,50,30,1,14,0826_a_treatment,ss,
164,6,10,1,0,0,1,66,0,50,2,0,1,0,2,1,2,50,50,30,70,30,50,50,20,80,30,50,50,30,70,30,60,40,30,70,30,50,50,50,50,30,1,15,0826_a_treatment,bs,
165,6,10,0,0,0,1,98,0,50,0,3,0,0,3,1,3,50,50,30,70,30,50,50,20,80,30,50,50,30,70,30,60,40,30,70,30,50,50,50,50,30,1,16,0826_a_treatment,ss,
166,6,10,1,0,1,1,90,0,100,1,1,0,1,1,1,2,50,50,30,70,30,50,50,20,80,30,50,50,30,70,30,60,40,30,70,30,50,50,50,50,30,1,17,0826_a_treatment,bs,
167,6,10,1,1,1,0,88,0,50,0,0,0,0,0,1,0,50,50,30,70,30,50,50,20,80,30,50,50,30,70,30,60,40,30,70,30,50,50,50,50,30,1,18,0826_a_treatment,bb,same
168,6,10,1,0,1,1,6,1,94,1,3,0,3,1,1,4,50,50,30,70,30,50,50,20,80,30,50,50,30,70,30,60,40,30,70,30,50,50,50,50,30,1,19,0826_a_treatment,bs,
169,6,10,1,1,1,0,49,0,50,0,1,0,1,0,1,1,50,50,30,70,30,50,50,20,80,30,50,50,30,70,30,60,40,30,70,30,50,50,50,50,30,1,20,0826_a_treatment,bb,different
170,6,10,0,0,1,1,87,0,100,1,1,1,1,1,1,2,50,50,30,70,30,50,50,20,80,30,50,50,30,70,30,60,40,30,70,30,50,50,50,50,30,1,21,0826_a_treatment,ss,
171,6,10,0,0,1,1,82,0,100,1,0,1,1,0,1,1,50,50,30,70,30,50,50,20,80,30,50,50,30,70,30,60,40,30,70,30,50,50,50,50,30,1,22,0826_a_treatment,ss,
172,6,10,1,1,1,0,4,1,46,1,4,0,1,4,1,5,50,50,30,70,30,50,50,20,80,30,50,50,30,70,30,60,40,30,70,30,50,50,50,50,30,1,23,0826_a_treatment,bb,same
173,6,10,0,1,0,0,19,0,0,0,1,0,1,0,1,1,50,50,30,70,30,50,50,20,80,30,50,50,30,70,30,60,40,30,70,30,50,50,50,50,30,1,24,0826_a_treatment,sb,
174,6,10,1,1,1,0,12,0,50,0,1,0,0,1,1,1,50,50,30,70,30,50,50,20,80,30,50,50,30,70,30,60,40,30,70,30,50,50,50,50,30,1,25,0826_a_treatment,bb,same
175,6,10,0,0,0,1,25,0,50,0,2,0,0,2,1,2,50,50,30,70,30,50,50,20,80,30,50,50,30,70,30,60,40,30,70,30,50,50,50,50,30,1,26,0826_a_treatment,ss,
176,6,10,1,1,1,0,71,0,50,0,0,0,0,0,1,0,50,50,30,70,30,50,50,20,80,30,50,50,30,70,30,60,40,30,70,30,50,50,50,50,30,1,27,0826_a_treatment,bb,same
177,6,10,1,1,0,0,70,0,0,0,0,1,0,0,1,0,50,50,30,70,30,50,50,20,80,30,50,50,30,70,30,60,40,30,70,30,50,50,50,50,30,1,28,0826_a_treatment,bb,same
178,6,10,1,0,1,1,78,0,100,0,0,0,0,0,1,0,50,50,30,70,30,50,50,20,80,30,50,50,30,70,30,60,40,30,70,30,50,50,50,50,30,1,29,0826_a_treatment,bs,
179,6,10,0,0,0,1,46,0,50,0,1,0,0,1,1,1,50,50,30,70,30,50,50,20,80,30,50,50,30,70,30,60,40,30,70,30,50,50,50,50,30,1,30,0826_a_treatment,ss,
180,7,10,0,1,0,0,21,0,0,2,3,0,3,2,1,5,20,40,80,60,20,15,20,85,80,10,70,70,30,30,30,40,60,60,40,2,30,10,70,90,5,1,1,0826_a_treatment,sb,
181,7,10,0,0,0,1,66,0,50,0,3,0,0,3,1,3,20,40,80,60,20,15,20,85,80,10,70,70,30,30,30,40,60,60,40,2,30,10,70,90,5,1,2,0826_a_treatment,ss,
182,7,30,1,1,0,0,90,0,0,3,1,1,3,1,1,4,20,40,80,60,20,15,20,85,80,10,70,70,30,30,30,40,60,60,40,2,30,10,70,90,5,1,3,0826_a_treatment,bb,same
183,7,10,0,1,0,0,24,0,0,0,3,0,2,1,1,3,20,40,80,60,20,15,20,85,80,10,70,70,30,30,30,40,60,60,40,2,30,10,70,90,5,1,4,0826_a_treatment,sb,
184,7,0,0,1,1,0,62,0,50,2,1,1,1,2,1,3,20,40,80,60,20,15,20,85,80,10,70,70,30,30,30,40,60,60,40,2,30,10,70,90,5,1,5,0826_a_treatment,sb,
185,7,0,0,1,0,0,83,0,0,0,2,0,2,0,1,2,20,40,80,60,20,15,20,85,80,10,70,70,30,30,30,40,60,60,40,2,30,10,70,90,5,1,6,0826_a_treatment,sb,
186,7,0,0,1,1,0,92,0,50,2,1,1,0,3,1,3,20,40,80,60,20,15,20,85,80,10,70,70,30,30,30,40,60,60,40,2,30,10,70,90,5,1,7,0826_a_treatment,sb,
187,7,0,1,0,0,1,83,0,50,2,2,1,1,3,1,4,20,40,80,60,20,15,20,85,80,10,70,70,30,30,30,40,60,60,40,2,30,10,70,90,5,1,8,0826_a_treatment,bs,
188,7,0,1,0,1,1,22,0,100,3,5,0,4,4,1,8,20,40,80,60,20,15,20,85,80,10,70,70,30,30,30,40,60,60,40,2,30,10,70,90,5,1,9,0826_a_treatment,bs,
189,7,0,1,1,1,0,80,0,50,1,4,0,1,4,1,5,20,40,80,60,20,15,20,85,80,10,70,70,30,30,30,40,60,60,40,2,30,10,70,90,5,1,10,0826_a_treatment,bb,same
190,7,0,1,0,0,1,88,0,50,1,1,1,1,1,1,2,20,40,80,60,20,15,20,85,80,10,70,70,30,30,30,40,60,60,40,2,30,10,70,90,5,1,11,0826_a_treatment,bs,
191,7,2,1,0,1,1,35,0,100,0,1,0,1,0,1,1,20,40,80,60,20,15,20,85,80,10,70,70,30,30,30,40,60,60,40,2,30,10,70,90,5,1,12,0826_a_treatment,bs,
192,7,2,1,1,1,0,83,0,50,0,1,0,0,1,1,1,20,40,80,60,20,15,20,85,80,10,70,70,30,30,30,40,60,60,40,2,30,10,70,90,5,1,13,0826_a_treatment,bb,same
193,7,0,0,0,0,1,87,0,50,0,3,0,0,3,1,3,20,40,80,60,20,15,20,85,80,10,70,70,30,30,30,40,60,60,40,2,30,10,70,90,5,1,14,0826_a_treatment,ss,
194,7,10,1,0,0,1,22,0,50,2,0,1,0,2,1,2,20,40,80,60,20,15,20,85,80,10,70,70,30,30,30,40,60,60,40,2,30,10,70,90,5,1,15,0826_a_treatment,bs,
195,7,0,0,0,0,1,56,0,50,0,3,0,0,3,1,3,20,40,80,60,20,15,20,85,80,10,70,70,30,30,30,40,60,60,40,2,30,10,70,90,5,1,16,0826_a_treatment,ss,
196,7,10,1,0,1,1,44,0,100,1,1,0,1,1,1,2,20,40,80,60,20,15,20,85,80,10,70,70,30,30,30,40,60,60,40,2,30,10,70,90,5,1,17,0826_a_treatment,bs,
197,7,20,1,1,1,0,70,0,50,0,0,0,0,0,1,0,20,40,80,60,20,15,20,85,80,10,70,70,30,30,30,40,60,60,40,2,30,10,70,90,5,1,18,0826_a_treatment,bb,same
198,7,20,1,1,1,0,58,0,50,1,3,0,3,1,1,4,20,40,80,60,20,15,20,85,80,10,70,70,30,30,30,40,60,60,40,2,30,10,70,90,5,1,19,0826_a_treatment,bb,different
199,7,0,0,1,0,0,57,0,0,0,1,0,1,0,1,1,20,40,80,60,20,15,20,85,80,10,70,70,30,30,30,40,60,60,40,2,30,10,70,90,5,1,20,0826_a_treatment,sb,
200,7,2,0,0,1,1,93,0,100,1,1,1,1,1,1,2,20,40,80,60,20,15,20,85,80,10,70,70,30,30,30,40,60,60,40,2,30,10,70,90,5,1,21,0826_a_treatment,ss,
201,7,3,0,0,1,1,10,0,100,1,0,1,1,0,1,1,20,40,80,60,20,15,20,85,80,10,70,70,30,30,30,40,60,60,40,2,30,10,70,90,5,1,22,0826_a_treatment,ss,
202,7,2,1,1,1,0,50,0,50,1,4,0,1,4,1,5,20,40,80,60,20,15,20,85,80,10,70,70,30,30,30,40,60,60,40,2,30,10,70,90,5,1,23,0826_a_treatment,bb,same
203,7,5,0,1,0,0,42,0,0,0,1,0,1,0,1,1,20,40,80,60,20,15,20,85,80,10,70,70,30,30,30,40,60,60,40,2,30,10,70,90,5,1,24,0826_a_treatment,sb,
204,7,10,1,1,1,0,43,0,50,0,1,0,0,1,1,1,20,40,80,60,20,15,20,85,80,10,70,70,30,30,30,40,60,60,40,2,30,10,70,90,5,1,25,0826_a_treatment,bb,same
205,7,0,0,0,0,1,18,0,50,0,2,0,0,2,1,2,20,40,80,60,20,15,20,85,80,10,70,70,30,30,30,40,60,60,40,2,30,10,70,90,5,1,26,0826_a_treatment,ss,
206,7,0,0,0,0,1,41,0,50,0,0,0,0,0,1,0,20,40,80,60,20,15,20,85,80,10,70,70,30,30,30,40,60,60,40,2,30,10,70,90,5,1,27,0826_a_treatment,ss,
207,7,10,1,1,0,0,19,0,0,0,0,1,0,0,1,0,20,40,80,60,20,15,20,85,80,10,70,70,30,30,30,40,60,60,40,2,30,10,70,90,5,1,28,0826_a_treatment,bb,same
208,7,5,1,0,1,1,41,0,100,0,0,0,0,0,1,0,20,40,80,60,20,15,20,85,80,10,70,70,30,30,30,40,60,60,40,2,30,10,70,90,5,1,29,0826_a_treatment,bs,
209,7,2,1,1,1,0,32,0,50,0,1,0,0,1,1,1,20,40,80,60,20,15,20,85,80,10,70,70,30,30,30,40,60,60,40,2,30,10,70,90,5,1,30,0826_a_treatment,bb,same
210,8,50,0,1,0,0,49,1,-49,2,3,0,3,2,1,5,50,0,50,0,20,50,0,50,0,20,50,100,50,100,20,50,100,50,100,20,20,0,20,0,1,1,1,0826_a_treatment,sb,
211,8,0,0,0,0,1,51,0,50,0,3,0,0,3,1,3,50,0,50,0,20,50,0,50,0,20,50,100,50,100,20,50,100,50,100,20,20,0,20,0,1,1,2,0826_a_treatment,ss,
212,8,0,1,1,0,0,82,0,0,3,1,1,3,1,1,4,50,0,50,0,20,50,0,50,0,20,50,100,50,100,20,50,100,50,100,20,20,0,20,0,1,1,3,0826_a_treatment,bb,same
213,8,0,0,1,0,0,79,0,0,0,3,0,2,1,1,3,50,0,50,0,20,50,0,50,0,20,50,100,50,100,20,50,100,50,100,20,20,0,20,0,1,1,4,0826_a_treatment,sb,
214,8,20,1,0,0,1,58,0,50,2,1,1,1,2,1,3,50,0,50,0,20,50,0,50,0,20,50,100,50,100,20,50,100,50,100,20,20,0,20,0,1,1,5,0826_a_treatment,bs,
215,8,20,0,1,0,0,35,0,0,0,2,0,2,0,1,2,50,0,50,0,20,50,0,50,0,20,50,100,50,100,20,50,100,50,100,20,20,0,20,0,1,1,6,0826_a_treatment,sb,
216,8,20,0,1,1,0,14,1,36,2,1,1,0,3,1,3,50,0,50,0,20,50,0,50,0,20,50,100,50,100,20,50,100,50,100,20,20,0,20,0,1,1,7,0826_a_treatment,sb,
217,8,10,1,0,0,1,45,0,50,2,2,1,1,3,1,4,50,0,50,0,20,50,0,50,0,20,50,100,50,100,20,50,100,50,100,20,20,0,20,0,1,1,8,0826_a_treatment,bs,
218,8,1,1,0,1,1,85,0,100,3,5,0,4,4,1,8,50,0,50,0,20,50,0,50,0,20,50,100,50,100,20,50,100,50,100,20,20,0,20,0,1,1,9,0826_a_treatment,bs,
219,8,1,1,1,1,0,79,0,50,1,4,0,1,4,1,5,50,0,50,0,20,50,0,50,0,20,50,100,50,100,20,50,100,50,100,20,20,0,20,0,1,1,10,0826_a_treatment,bb,same
220,8,10,1,0,0,1,39,0,50,1,1,1,1,1,1,2,50,0,50,0,20,50,0,50,0,20,50,100,50,100,20,50,100,50,100,20,20,0,20,0,1,1,11,0826_a_treatment,bs,
221,8,1,1,0,1,1,8,0,100,0,1,0,1,0,1,1,50,0,50,0,20,50,0,50,0,20,50,100,50,100,20,50,100,50,100,20,20,0,20,0,1,1,12,0826_a_treatment,bs,
222,8,1,1,1,1,0,18,0,50,0,1,0,0,1,1,1,50,0,50,0,20,50,0,50,0,20,50,100,50,100,20,50,100,50,100,20,20,0,20,0,1,1,13,0826_a_treatment,bb,same
223,8,20,0,0,0,1,26,0,50,0,3,0,0,3,1,3,50,0,50,0,20,50,0,50,0,20,50,100,50,100,20,50,100,50,100,20,20,0,20,0,1,1,14,0826_a_treatment,ss,
224,8,19,1,0,0,1,91,0,50,2,0,1,0,2,1,2,50,0,50,0,20,50,0,50,0,20,50,100,50,100,20,50,100,50,100,20,20,0,20,0,1,1,15,0826_a_treatment,bs,
225,8,10,0,0,0,1,76,0,50,0,3,0,0,3,1,3,50,0,50,0,20,50,0,50,0,20,50,100,50,100,20,50,100,50,100,20,20,0,20,0,1,1,16,0826_a_treatment,ss,
226,8,20,1,0,1,1,84,0,100,1,1,0,1,1,1,2,50,0,50,0,20,50,0,50,0,20,50,100,50,100,20,50,100,50,100,20,20,0,20,0,1,1,17,0826_a_treatment,bs,
227,8,20,0,0,0,1,58,0,50,0,0,0,0,0,1,0,50,0,50,0,20,50,0,50,0,20,50,100,50,100,20,50,100,50,100,20,20,0,20,0,1,1,18,0826_a_treatment,ss,
228,8,1,0,1,0,0,66,0,0,1,3,0,3,1,1,4,50,0,50,0,20,50,0,50,0,20,50,100,50,100,20,50,100,50,100,20,20,0,20,0,1,1,19,0826_a_treatment,sb,
229,8,9,0,1,0,0,37,0,0,0,1,0,1,0,1,1,50,0,50,0,20,50,0,50,0,20,50,100,50,100,20,50,100,50,100,20,20,0,20,0,1,1,20,0826_a_treatment,sb,
230,8,15,0,0,1,1,39,0,100,1,1,1,1,1,1,2,50,0,50,0,20,50,0,50,0,20,50,100,50,100,20,50,100,50,100,20,20,0,20,0,1,1,21,0826_a_treatment,ss,
231,8,20,0,0,1,1,14,1,86,1,0,1,1,0,1,1,50,0,50,0,20,50,0,50,0,20,50,100,50,100,20,50,100,50,100,20,20,0,20,0,1,1,22,0826_a_treatment,ss,
232,8,40,1,1,1,0,1,1,49,1,4,0,1,4,1,5,50,0,50,0,20,50,0,50,0,20,50,100,50,100,20,50,100,50,100,20,20,0,20,0,1,1,23,0826_a_treatment,bb,same
233,8,1,0,1,0,0,44,0,0,0,1,0,1,0,1,1,50,0,50,0,20,50,0,50,0,20,50,100,50,100,20,50,100,50,100,20,20,0,20,0,1,1,24,0826_a_treatment,sb,
234,8,19,1,1,1,0,40,0,50,0,1,0,0,1,1,1,50,0,50,0,20,50,0,50,0,20,50,100,50,100,20,50,100,50,100,20,20,0,20,0,1,1,25,0826_a_treatment,bb,same
235,8,20,1,1,1,0,14,1,36,0,2,0,0,2,1,2,50,0,50,0,20,50,0,50,0,20,50,100,50,100,20,50,100,50,100,20,20,0,20,0,1,1,26,0826_a_treatment,bb,same
236,8,2,0,0,0,1,62,0,50,0,0,0,0,0,1,0,50,0,50,0,20,50,0,50,0,20,50,100,50,100,20,50,100,50,100,20,20,0,20,0,1,1,27,0826_a_treatment,ss,
237,8,5,1,1,0,0,83,0,0,0,0,1,0,0,1,0,50,0,50,0,20,50,0,50,0,20,50,100,50,100,20,50,100,50,100,20,20,0,20,0,1,1,28,0826_a_treatment,bb,same
238,8,10,1,1,1,0,53,0,50,0,0,0,0,0,1,0,50,0,50,0,20,50,0,50,0,20,50,100,50,100,20,50,100,50,100,20,20,0,20,0,1,1,29,0826_a_treatment,bb,different
239,8,20,1,1,1,0,83,0,50,0,1,0,0,1,1,1,50,0,50,0,20,50,0,50,0,20,50,100,50,100,20,50,100,50,100,20,20,0,20,0,1,1,30,0826_a_treatment,bb,same
240,9,2,1,0,1,1,48,0,100,2,3,0,3,2,1,5,75,0,75,0,1,75,0,75,0,1,80,100,80,100,3,30,100,30,100,1,30,0,30,0,0,1,1,0826_a_treatment,bs,
241,9,2,0,0,0,1,88,0,50,0,3,0,0,3,1,3,75,0,75,0,1,75,0,75,0,1,80,100,80,100,3,30,100,30,100,1,30,0,30,0,0,1,2,0826_a_treatment,ss,
242,9,2,1,1,0,0,95,0,0,3,1,1,3,1,1,4,75,0,75,0,1,75,0,75,0,1,80,100,80,100,3,30,100,30,100,1,30,0,30,0,0,1,3,0826_a_treatment,bb,same
243,9,0,0,1,0,0,72,0,0,0,3,0,2,1,1,3,75,0,75,0,1,75,0,75,0,1,80,100,80,100,3,30,100,30,100,1,30,0,30,0,0,1,4,0826_a_treatment,sb,
244,9,2,1,0,0,1,33,0,50,2,1,1,1,2,1,3,75,0,75,0,1,75,0,75,0,1,80,100,80,100,3,30,100,30,100,1,30,0,30,0,0,1,5,0826_a_treatment,bs,
245,9,0,0,1,0,0,30,0,0,0,2,0,2,0,1,2,75,0,75,0,1,75,0,75,0,1,80,100,80,100,3,30,100,30,100,1,30,0,30,0,0,1,6,0826_a_treatment,sb,
246,9,0,0,1,1,0,73,0,50,2,1,1,0,3,1,3,75,0,75,0,1,75,0,75,0,1,80,100,80,100,3,30,100,30,100,1,30,0,30,0,0,1,7,0826_a_treatment,sb,
247,9,3,1,0,0,1,12,0,50,2,2,1,1,3,1,4,75,0,75,0,1,75,0,75,0,1,80,100,80,100,3,30,100,30,100,1,30,0,30,0,0,1,8,0826_a_treatment,bs,
248,9,3,1,0,1,1,0,1,100,3,5,0,4,4,1,8,75,0,75,0,1,75,0,75,0,1,80,100,80,100,3,30,100,30,100,1,30,0,30,0,0,1,9,0826_a_treatment,bs,
249,9,1,1,1,1,0,59,0,50,1,4,0,1,4,1,5,75,0,75,0,1,75,0,75,0,1,80,100,80,100,3,30,100,30,100,1,30,0,30,0,0,1,10,0826_a_treatment,bb,same
250,9,2,1,0,0,1,35,0,50,1,1,1,1,1,1,2,75,0,75,0,1,75,0,75,0,1,80,100,80,100,3,30,100,30,100,1,30,0,30,0,0,1,11,0826_a_treatment,bs,
251,9,1,1,1,1,0,64,0,50,0,1,0,1,0,1,1,75,0,75,0,1,75,0,75,0,1,80,100,80,100,3,30,100,30,100,1,30,0,30,0,0,1,12,0826_a_treatment,bb,different
252,9,1,1,1,1,0,57,0,50,0,1,0,0,1,1,1,75,0,75,0,1,75,0,75,0,1,80,100,80,100,3,30,100,30,100,1,30,0,30,0,0,1,13,0826_a_treatment,bb,same
253,9,1,0,0,0,1,94,0,50,0,3,0,0,3,1,3,75,0,75,0,1,75,0,75,0,1,80,100,80,100,3,30,100,30,100,1,30,0,30,0,0,1,14,0826_a_treatment,ss,
254,9,2,1,0,0,1,7,0,50,2,0,1,0,2,1,2,75,0,75,0,1,75,0,75,0,1,80,100,80,100,3,30,100,30,100,1,30,0,30,0,0,1,15,0826_a_treatment,bs,
255,9,1,0,0,0,1,85,0,50,0,3,0,0,3,1,3,75,0,75,0,1,75,0,75,0,1,80,100,80,100,3,30,100,30,100,1,30,0,30,0,0,1,16,0826_a_treatment,ss,
256,9,2,1,0,1,1,74,0,100,1,1,0,1,1,1,2,75,0,75,0,1,75,0,75,0,1,80,100,80,100,3,30,100,30,100,1,30,0,30,0,0,1,17,0826_a_treatment,bs,
257,9,1,0,0,0,1,22,0,50,0,0,0,0,0,1,0,75,0,75,0,1,75,0,75,0,1,80,100,80,100,3,30,100,30,100,1,30,0,30,0,0,1,18,0826_a_treatment,ss,
258,9,0,0,1,0,0,50,0,0,1,3,0,3,1,1,4,75,0,75,0,1,75,0,75,0,1,80,100,80,100,3,30,100,30,100,1,30,0,30,0,0,1,19,0826_a_treatment,sb,
259,9,0,0,1,0,0,2,0,0,0,1,0,1,0,1,1,75,0,75,0,1,75,0,75,0,1,80,100,80,100,3,30,100,30,100,1,30,0,30,0,0,1,20,0826_a_treatment,sb,
260,9,1,0,0,1,1,49,0,100,1,1,1,1,1,1,2,75,0,75,0,1,75,0,75,0,1,80,100,80,100,3,30,100,30,100,1,30,0,30,0,0,1,21,0826_a_treatment,ss,
261,9,0,1,1,0,0,79,0,0,1,0,1,1,0,1,1,75,0,75,0,1,75,0,75,0,1,80,100,80,100,3,30,100,30,100,1,30,0,30,0,0,1,22,0826_a_treatment,bb,same
262,9,0,1,1,1,0,0,1,50,1,4,0,1,4,1,5,75,0,75,0,1,75,0,75,0,1,80,100,80,100,3,30,100,30,100,1,30,0,30,0,0,1,23,0826_a_treatment,bb,same
263,9,0,0,1,0,0,25,0,0,0,1,0,1,0,1,1,75,0,75,0,1,75,0,75,0,1,80,100,80,100,3,30,100,30,100,1,30,0,30,0,0,1,24,0826_a_treatment,sb,
264,9,0,1,1,1,0,70,0,50,0,1,0,0,1,1,1,75,0,75,0,1,75,0,75,0,1,80,100,80,100,3,30,100,30,100,1,30,0,30,0,0,1,25,0826_a_treatment,bb,same
265,9,0,1,1,1,0,95,0,50,0,2,0,0,2,1,2,75,0,75,0,1,75,0,75,0,1,80,100,80,100,3,30,100,30,100,1,30,0,30,0,0,1,26,0826_a_treatment,bb,same
266,9,1,0,0,0,1,90,0,50,0,0,0,0,0,1,0,75,0,75,0,1,75,0,75,0,1,80,100,80,100,3,30,100,30,100,1,30,0,30,0,0,1,27,0826_a_treatment,ss,
267,9,1,0,0,1,1,14,0,100,0,0,1,0,0,1,0,75,0,75,0,1,75,0,75,0,1,80,100,80,100,3,30,100,30,100,1,30,0,30,0,0,1,28,0826_a_treatment,ss,
268,9,0,0,1,0,0,89,0,0,0,0,0,0,0,1,0,75,0,75,0,1,75,0,75,0,1,80,100,80,100,3,30,100,30,100,1,30,0,30,0,0,1,29,0826_a_treatment,sb,
269,9,0,1,1,1,0,57,0,50,0,1,0,0,1,1,1,75,0,75,0,1,75,0,75,0,1,80,100,80,100,3,30,100,30,100,1,30,0,30,0,0,1,30,0826_a_treatment,bb,same
270,10,25,1,0,1,1,91,0,100,2,3,0,3,2,1,5,74,0,50,90,35,15,40,50,0,10,70,100,60,100,30,50,100,40,100,0,60,30,55,20,20,1,1,0826_a_treatment,bs,
271,10,1,0,0,0,1,98,0,50,0,3,0,0,3,1,3,74,0,50,90,35,15,40,50,0,10,70,100,60,100,30,50,100,40,100,0,60,30,55,20,20,1,2,0826_a_treatment,ss,
272,10,15,1,1,0,0,14,1,-14,3,1,1,3,1,1,4,74,0,50,90,35,15,40,50,0,10,70,100,60,100,30,50,100,40,100,0,60,30,55,20,20,1,3,0826_a_treatment,bb,same
273,10,22,1,0,1,1,19,1,81,0,3,0,2,1,1,3,74,0,50,90,35,15,40,50,0,10,70,100,60,100,30,50,100,40,100,0,60,30,55,20,20,1,4,0826_a_treatment,bs,
274,10,20,1,0,0,1,20,1,30,2,1,1,1,2,1,3,74,0,50,90,35,15,40,50,0,10,70,100,60,100,30,50,100,40,100,0,60,30,55,20,20,1,5,0826_a_treatment,bs,
275,10,9,0,1,0,0,43,0,0,0,2,0,2,0,1,2,74,0,50,90,35,15,40,50,0,10,70,100,60,100,30,50,100,40,100,0,60,30,55,20,20,1,6,0826_a_treatment,sb,
276,10,15,0,1,1,0,80,0,50,2,1,1,0,3,1,3,74,0,50,90,35,15,40,50,0,10,70,100,60,100,30,50,100,40,100,0,60,30,55,20,20,1,7,0826_a_treatment,sb,
277,10,25,1,0,0,1,22,1,28,2,2,1,1,3,1,4,74,0,50,90,35,15,40,50,0,10,70,100,60,100,30,50,100,40,100,0,60,30,55,20,20,1,8,0826_a_treatment,bs,
278,10,20,1,0,1,1,16,1,84,3,5,0,4,4,1,8,74,0,50,90,35,15,40,50,0,10,70,100,60,100,30,50,100,40,100,0,60,30,55,20,20,1,9,0826_a_treatment,bs,
279,10,30,1,1,1,0,12,1,38,1,4,0,1,4,1,5,74,0,50,90,35,15,40,50,0,10,70,100,60,100,30,50,100,40,100,0,60,30,55,20,20,1,10,0826_a_treatment,bb,same
280,10,20,1,0,0,1,64,0,50,1,1,1,1,1,1,2,74,0,50,90,35,15,40,50,0,10,70,100,60,100,30,50,100,40,100,0,60,30,55,20,20,1,11,0826_a_treatment,bs,
281,10,5,0,1,0,0,38,0,0,0,1,0,1,0,1,1,74,0,50,90,35,15,40,50,0,10,70,100,60,100,30,50,100,40,100,0,60,30,55,20,20,1,12,0826_a_treatment,sb,
282,10,30,0,0,0,1,89,0,50,0,1,0,0,1,1,1,74,0,50,90,35,15,40,50,0,10,70,100,60,100,30,50,100,40,100,0,60,30,55,20,20,1,13,0826_a_treatment,ss,
283,10,15,0,0,0,1,16,0,50,0,3,0,0,3,1,3,74,0,50,90,35,15,40,50,0,10,70,100,60,100,30,50,100,40,100,0,60,30,55,20,20,1,14,0826_a_treatment,ss,
284,10,25,1,1,0,0,26,0,0,2,0,1,0,2,1,2,74,0,50,90,35,15,40,50,0,10,70,100,60,100,30,50,100,40,100,0,60,30,55,20,20,1,15,0826_a_treatment,bb,different
285,10,9,0,0,0,1,24,0,50,0,3,0,0,3,1,3,74,0,50,90,35,15,40,50,0,10,70,100,60,100,30,50,100,40,100,0,60,30,55,20,20,1,16,0826_a_treatment,ss,
286,10,20,1,0,1,1,13,1,87,1,1,0,1,1,1,2,74,0,50,90,35,15,40,50,0,10,70,100,60,100,30,50,100,40,100,0,60,30,55,20,20,1,17,0826_a_treatment,bs,
287,10,0,0,0,0,1,55,0,50,0,0,0,0,0,1,0,74,0,50,90,35,15,40,50,0,10,70,100,60,100,30,50,100,40,100,0,60,30,55,20,20,1,18,0826_a_treatment,ss,
288,10,20,0,1,0,0,50,0,0,1,3,0,3,1,1,4,74,0,50,90,35,15,40,50,0,10,70,100,60,100,30,50,100,40,100,0,60,30,55,20,20,1,19,0826_a_treatment,sb,
289,10,9,0,1,0,0,47,0,0,0,1,0,1,0,1,1,74,0,50,90,35,15,40,50,0,10,70,100,60,100,30,50,100,40,100,0,60,30,55,20,20,1,20,0826_a_treatment,sb,
290,10,25,1,1,0,0,95,0,0,1,1,1,1,1,1,2,74,0,50,90,35,15,40,50,0,10,70,100,60,100,30,50,100,40,100,0,60,30,55,20,20,1,21,0826_a_treatment,bb,same
291,10,20,1,1,0,0,94,0,0,1,0,1,1,0,1,1,74,0,50,90,35,15,40,50,0,10,70,100,60,100,30,50,100,40,100,0,60,30,55,20,20,1,22,0826_a_treatment,bb,same
292,10,19,1,1,1,0,71,0,50,1,4,0,1,4,1,5,74,0,50,90,35,15,40,50,0,10,70,100,60,100,30,50,100,40,100,0,60,30,55,20,20,1,23,0826_a_treatment,bb,same
293,10,1,0,1,0,0,65,0,0,0,1,0,1,0,1,1,74,0,50,90,35,15,40,50,0,10,70,100,60,100,30,50,100,40,100,0,60,30,55,20,20,1,24,0826_a_treatment,sb,
294,10,20,1,1,1,0,38,0,50,0,1,0,0,1,1,1,74,0,50,90,35,15,40,50,0,10,70,100,60,100,30,50,100,40,100,0,60,30,55,20,20,1,25,0826_a_treatment,bb,same
295,10,25,1,1,1,0,73,0,50,0,2,0,0,2,1,2,74,0,50,90,35,15,40,50,0,10,70,100,60,100,30,50,100,40,100,0,60,30,55,20,20,1,26,0826_a_treatment,bb,same
296,10,0,0,0,0,1,18,0,50,0,0,0,0,0,1,0,74,0,50,90,35,15,40,50,0,10,70,100,60,100,30,50,100,40,100,0,60,30,55,20,20,1,27,0826_a_treatment,ss,
297,10,0,0,0,1,1,12,0,100,0,0,1,0,0,1,0,74,0,50,90,35,15,40,50,0,10,70,100,60,100,30,50,100,40,100,0,60,30,55,20,20,1,28,0826_a_treatment,ss,
298,10,9,0,1,0,0,53,0,0,0,0,0,0,0,1,0,74,0,50,90,35,15,40,50,0,10,70,100,60,100,30,50,100,40,100,0,60,30,55,20,20,1,29,0826_a_treatment,sb,
299,10,20,1,1,1,0,38,0,50,0,1,0,0,1,1,1,74,0,50,90,35,15,40,50,0,10,70,100,60,100,30,50,100,40,100,0,60,30,55,20,20,1,30,0826_a_treatment,bb,same
300,11,24,1,0,1,1,87,0,100,2,3,0,3,2,1,5,80,0,60,0,40,50,0,40,0,30,50,90,0,90,15,30,90,20,95,0,55,25,40,0,30,1,1,0826_a_treatment,bs,
301,11,35,1,1,1,0,74,0,50,0,3,0,0,3,1,3,80,0,60,0,40,50,0,40,0,30,50,90,0,90,15,30,90,20,95,0,55,25,40,0,30,1,2,0826_a_treatment,bb,same
302,11,25,1,1,0,0,35,0,0,3,1,1,3,1,1,4,80,0,60,0,40,50,0,40,0,30,50,90,0,90,15,30,90,20,95,0,55,25,40,0,30,1,3,0826_a_treatment,bb,same
303,11,33,1,0,1,1,10,1,90,0,3,0,2,1,1,3,80,0,60,0,40,50,0,40,0,30,50,90,0,90,15,30,90,20,95,0,55,25,40,0,30,1,4,0826_a_treatment,bs,
304,11,33,1,0,0,1,95,0,50,2,1,1,1,2,1,3,80,0,60,0,40,50,0,40,0,30,50,90,0,90,15,30,90,20,95,0,55,25,40,0,30,1,5,0826_a_treatment,bs,
305,11,33,1,0,1,1,26,1,74,0,2,0,2,0,1,2,80,0,60,0,40,50,0,40,0,30,50,90,0,90,15,30,90,20,95,0,55,25,40,0,30,1,6,0826_a_treatment,bs,
306,11,15,0,1,1,0,72,0,50,2,1,1,0,3,1,3,80,0,60,0,40,50,0,40,0,30,50,90,0,90,15,30,90,20,95,0,55,25,40,0,30,1,7,0826_a_treatment,sb,
307,11,33,1,0,0,1,98,0,50,2,2,1,1,3,1,4,80,0,60,0,40,50,0,40,0,30,50,90,0,90,15,30,90,20,95,0,55,25,40,0,30,1,8,0826_a_treatment,bs,
308,11,33,1,0,1,1,67,0,100,3,5,0,4,4,1,8,80,0,60,0,40,50,0,40,0,30,50,90,0,90,15,30,90,20,95,0,55,25,40,0,30,1,9,0826_a_treatment,bs,
309,11,40,1,1,1,0,2,1,48,1,4,0,1,4,1,5,80,0,60,0,40,50,0,40,0,30,50,90,0,90,15,30,90,20,95,0,55,25,40,0,30,1,10,0826_a_treatment,bb,same
310,11,33,1,0,0,1,28,1,22,1,1,1,1,1,1,2,80,0,60,0,40,50,0,40,0,30,50,90,0,90,15,30,90,20,95,0,55,25,40,0,30,1,11,0826_a_treatment,bs,
311,11,5,0,1,0,0,7,0,0,0,1,0,1,0,1,1,80,0,60,0,40,50,0,40,0,30,50,90,0,90,15,30,90,20,95,0,55,25,40,0,30,1,12,0826_a_treatment,sb,
312,11,5,0,0,0,1,27,0,50,0,1,0,0,1,1,1,80,0,60,0,40,50,0,40,0,30,50,90,0,90,15,30,90,20,95,0,55,25,40,0,30,1,13,0826_a_treatment,ss,
313,11,5,0,0,0,1,78,0,50,0,3,0,0,3,1,3,80,0,60,0,40,50,0,40,0,30,50,90,0,90,15,30,90,20,95,0,55,25,40,0,30,1,14,0826_a_treatment,ss,
314,11,25,0,1,1,0,38,0,50,2,0,1,0,2,1,2,80,0,60,0,40,50,0,40,0,30,50,90,0,90,15,30,90,20,95,0,55,25,40,0,30,1,15,0826_a_treatment,sb,
315,11,5,0,0,0,1,90,0,50,0,3,0,0,3,1,3,80,0,60,0,40,50,0,40,0,30,50,90,0,90,15,30,90,20,95,0,55,25,40,0,30,1,16,0826_a_treatment,ss,
316,11,35,1,1,1,0,92,0,50,1,1,0,1,1,1,2,80,0,60,0,40,50,0,40,0,30,50,90,0,90,15,30,90,20,95,0,55,25,40,0,30,1,17,0826_a_treatment,bb,different
317,11,5,0,0,0,1,26,0,50,0,0,0,0,0,1,0,80,0,60,0,40,50,0,40,0,30,50,90,0,90,15,30,90,20,95,0,55,25,40,0,30,1,18,0826_a_treatment,ss,
318,11,15,0,1,0,0,10,1,-10,1,3,0,3,1,1,4,80,0,60,0,40,50,0,40,0,30,50,90,0,90,15,30,90,20,95,0,55,25,40,0,30,1,19,0826_a_treatment,sb,
319,11,0,0,1,0,0,67,0,0,0,1,0,1,0,1,1,80,0,60,0,40,50,0,40,0,30,50,90,0,90,15,30,90,20,95,0,55,25,40,0,30,1,20,0826_a_treatment,sb,
320,11,20,1,1,0,0,41,0,0,1,1,1,1,1,1,2,80,0,60,0,40,50,0,40,0,30,50,90,0,90,15,30,90,20,95,0,55,25,40,0,30,1,21,0826_a_treatment,bb,same
321,11,20,1,1,0,0,81,0,0,1,0,1,1,0,1,1,80,0,60,0,40,50,0,40,0,30,50,90,0,90,15,30,90,20,95,0,55,25,40,0,30,1,22,0826_a_treatment,bb,same
322,11,25,1,1,1,0,25,1,25,1,4,0,1,4,1,5,80,0,60,0,40,50,0,40,0,30,50,90,0,90,15,30,90,20,95,0,55,25,40,0,30,1,23,0826_a_treatment,bb,same
323,11,25,0,1,0,0,45,0,0,0,1,0,1,0,1,1,80,0,60,0,40,50,0,40,0,30,50,90,0,90,15,30,90,20,95,0,55,25,40,0,30,1,24,0826_a_treatment,sb,
324,11,0,0,0,0,1,86,0,50,0,1,0,0,1,1,1,80,0,60,0,40,50,0,40,0,30,50,90,0,90,15,30,90,20,95,0,55,25,40,0,30,1,25,0826_a_treatment,ss,
325,11,40,1,1,1,0,60,0,50,0,2,0,0,2,1,2,80,0,60,0,40,50,0,40,0,30,50,90,0,90,15,30,90,20,95,0,55,25,40,0,30,1,26,0826_a_treatment,bb,same
326,11,0,0,0,0,1,58,0,50,0,0,0,0,0,1,0,80,0,60,0,40,50,0,40,0,30,50,90,0,90,15,30,90,20,95,0,55,25,40,0,30,1,27,0826_a_treatment,ss,
327,11,0,0,0,1,1,89,0,100,0,0,1,0,0,1,0,80,0,60,0,40,50,0,40,0,30,50,90,0,90,15,30,90,20,95,0,55,25,40,0,30,1,28,0826_a_treatment,ss,
328,11,25,0,1,0,0,61,0,0,0,0,0,0,0,1,0,80,0,60,0,40,50,0,40,0,30,50,90,0,90,15,30,90,20,95,0,55,25,40,0,30,1,29,0826_a_treatment,sb,
329,11,40,1,1,1,0,84,0,50,0,1,0,0,1,1,1,80,0,60,0,40,50,0,40,0,30,50,90,0,90,15,30,90,20,95,0,55,25,40,0,30,1,30,0826_a_treatment,bb,same
330,12,9,1,0,1,1,10,0,100,2,3,0,3,2,1,5,50,5,25,0,30,40,0,20,0,20,50,50,30,70,40,20,50,10,70,20,20,5,20,5,20,1,1,0826_a_treatment,bs,
331,12,50,1,1,1,0,94,0,50,0,3,0,0,3,1,3,50,5,25,0,30,40,0,20,0,20,50,50,30,70,40,20,50,10,70,20,20,5,20,5,20,1,2,0826_a_treatment,bb,same
332,12,10,0,0,1,1,23,0,100,3,1,1,3,1,1,4,50,5,25,0,30,40,0,20,0,20,50,50,30,70,40,20,50,10,70,20,20,5,20,5,20,1,3,0826_a_treatment,ss,
333,12,9,1,0,1,1,50,0,100,0,3,0,2,1,1,3,50,5,25,0,30,40,0,20,0,20,50,50,30,70,40,20,50,10,70,20,20,5,20,5,20,1,4,0826_a_treatment,bs,
334,12,30,1,0,0,1,75,0,50,2,1,1,1,2,1,3,50,5,25,0,30,40,0,20,0,20,50,50,30,70,40,20,50,10,70,20,20,5,20,5,20,1,5,0826_a_treatment,bs,
335,12,30,1,0,1,1,90,0,100,0,2,0,2,0,1,2,50,5,25,0,30,40,0,20,0,20,50,50,30,70,40,20,50,10,70,20,20,5,20,5,20,1,6,0826_a_treatment,bs,
336,12,50,1,0,0,1,73,0,50,2,1,1,0,3,1,3,50,5,25,0,30,40,0,20,0,20,50,50,30,70,40,20,50,10,70,20,20,5,20,5,20,1,7,0826_a_treatment,bs,
337,12,40,1,0,0,1,72,0,50,2,2,1,1,3,1,4,50,5,25,0,30,40,0,20,0,20,50,50,30,70,40,20,50,10,70,20,20,5,20,5,20,1,8,0826_a_treatment,bs,
338,12,39,1,1,1,0,5,1,45,3,5,0,4,4,1,8,50,5,25,0,30,40,0,20,0,20,50,50,30,70,40,20,50,10,70,20,20,5,20,5,20,1,9,0826_a_treatment,bb,different
339,12,50,1,1,1,0,19,1,31,1,4,0,1,4,1,5,50,5,25,0,30,40,0,20,0,20,50,50,30,70,40,20,50,10,70,20,20,5,20,5,20,1,10,0826_a_treatment,bb,same
340,12,30,1,0,0,1,31,0,50,1,1,1,1,1,1,2,50,5,25,0,30,40,0,20,0,20,50,50,30,70,40,20,50,10,70,20,20,5,20,5,20,1,11,0826_a_treatment,bs,
341,12,9,0,1,0,0,78,0,0,0,1,0,1,0,1,1,50,5,25,0,30,40,0,20,0,20,50,50,30,70,40,20,50,10,70,20,20,5,20,5,20,1,12,0826_a_treatment,sb,
342,12,0,0,0,0,1,17,0,50,0,1,0,0,1,1,1,50,5,25,0,30,40,0,20,0,20,50,50,30,70,40,20,50,10,70,20,20,5,20,5,20,1,13,0826_a_treatment,ss,
343,12,20,0,0,0,1,65,0,50,0,3,0,0,3,1,3,50,5,25,0,30,40,0,20,0,20,50,50,30,70,40,20,50,10,70,20,20,5,20,5,20,1,14,0826_a_treatment,ss,
344,12,30,0,1,1,0,44,0,50,2,0,1,0,2,1,2,50,5,25,0,30,40,0,20,0,20,50,50,30,70,40,20,50,10,70,20,20,5,20,5,20,1,15,0826_a_treatment,sb,
345,12,50,1,1,1,0,96,0,50,0,3,0,0,3,1,3,50,5,25,0,30,40,0,20,0,20,50,50,30,70,40,20,50,10,70,20,20,5,20,5,20,1,16,0826_a_treatment,bb,same
346,12,20,0,1,0,0,75,0,0,1,1,0,1,1,1,2,50,5,25,0,30,40,0,20,0,20,50,50,30,70,40,20,50,10,70,20,20,5,20,5,20,1,17,0826_a_treatment,sb,
347,12,0,0,0,0,1,78,0,50,0,0,0,0,0,1,0,50,5,25,0,30,40,0,20,0,20,50,50,30,70,40,20,50,10,70,20,20,5,20,5,20,1,18,0826_a_treatment,ss,
348,12,23,0,1,0,0,63,0,0,1,3,0,3,1,1,4,50,5,25,0,30,40,0,20,0,20,50,50,30,70,40,20,50,10,70,20,20,5,20,5,20,1,19,0826_a_treatment,sb,
349,12,9,0,1,0,0,13,0,0,0,1,0,1,0,1,1,50,5,25,0,30,40,0,20,0,20,50,50,30,70,40,20,50,10,70,20,20,5,20,5,20,1,20,0826_a_treatment,sb,
350,12,50,1,1,0,0,59,0,0,1,1,1,1,1,1,2,50,5,25,0,30,40,0,20,0,20,50,50,30,70,40,20,50,10,70,20,20,5,20,5,20,1,21,0826_a_treatment,bb,same
351,12,50,1,1,0,0,69,0,0,1,0,1,1,0,1,1,50,5,25,0,30,40,0,20,0,20,50,50,30,70,40,20,50,10,70,20,20,5,20,5,20,1,22,0826_a_treatment,bb,same
352,12,50,1,1,1,0,74,0,50,1,4,0,1,4,1,5,50,5,25,0,30,40,0,20,0,20,50,50,30,70,40,20,50,10,70,20,20,5,20,5,20,1,23,0826_a_treatment,bb,same
353,12,20,0,1,0,0,26,0,0,0,1,0,1,0,1,1,50,5,25,0,30,40,0,20,0,20,50,50,30,70,40,20,50,10,70,20,20,5,20,5,20,1,24,0826_a_treatment,sb,
354,12,10,0,0,0,1,63,0,50,0,1,0,0,1,1,1,50,5,25,0,30,40,0,20,0,20,50,50,30,70,40,20,50,10,70,20,20,5,20,5,20,1,25,0826_a_treatment,ss,
355,12,40,1,1,1,0,38,1,12,0,2,0,0,2,1,2,50,5,25,0,30,40,0,20,0,20,50,50,30,70,40,20,50,10,70,20,20,5,20,5,20,1,26,0826_a_treatment,bb,same
356,12,1,0,0,0,1,52,0,50,0,0,0,0,0,1,0,50,5,25,0,30,40,0,20,0,20,50,50,30,70,40,20,50,10,70,20,20,5,20,5,20,1,27,0826_a_treatment,ss,
357,12,0,0,0,1,1,8,0,100,0,0,1,0,0,1,0,50,5,25,0,30,40,0,20,0,20,50,50,30,70,40,20,50,10,70,20,20,5,20,5,20,1,28,0826_a_treatment,ss,
358,12,25,0,1,0,0,73,0,0,0,0,0,0,0,1,0,50,5,25,0,30,40,0,20,0,20,50,50,30,70,40,20,50,10,70,20,20,5,20,5,20,1,29,0826_a_treatment,sb,
359,12,30,1,1,1,0,74,0,50,0,1,0,0,1,1,1,50,5,25,0,30,40,0,20,0,20,50,50,30,70,40,20,50,10,70,20,20,5,20,5,20,1,30,0826_a_treatment,bb,same
360,13,55,1,0,1,1,39,1,61,2,3,0,3,2,1,5,50,0,50,0,25,50,0,50,0,25,20,100,0,100,0,20,100,20,100,0,50,0,50,0,45,1,1,0826_a_treatment,bs,
361,13,45,1,1,1,0,82,0,50,0,3,0,0,3,1,3,50,0,50,0,25,50,0,50,0,25,20,100,0,100,0,20,100,20,100,0,50,0,50,0,45,1,2,0826_a_treatment,bb,same
362,13,65,0,0,1,1,15,1,85,3,1,1,3,1,1,4,50,0,50,0,25,50,0,50,0,25,20,100,0,100,0,20,100,20,100,0,50,0,50,0,45,1,3,0826_a_treatment,ss,
363,13,0,1,0,1,1,37,0,100,0,3,0,2,1,1,3,50,0,50,0,25,50,0,50,0,25,20,100,0,100,0,20,100,20,100,0,50,0,50,0,45,1,4,0826_a_treatment,bs,
364,13,0,1,0,0,1,20,0,50,2,1,1,1,2,1,3,50,0,50,0,25,50,0,50,0,25,20,100,0,100,0,20,100,20,100,0,50,0,50,0,45,1,5,0826_a_treatment,bs,
365,13,0,1,0,1,1,61,0,100,0,2,0,2,0,1,2,50,0,50,0,25,50,0,50,0,25,20,100,0,100,0,20,100,20,100,0,50,0,50,0,45,1,6,0826_a_treatment,bs,
366,13,0,1,0,0,1,15,0,50,2,1,1,0,3,1,3,50,0,50,0,25,50,0,50,0,25,20,100,0,100,0,20,100,20,100,0,50,0,50,0,45,1,7,0826_a_treatment,bs,
367,13,25,1,1,0,0,14,1,-14,2,2,1,1,3,1,4,50,0,50,0,25,50,0,50,0,25,20,100,0,100,0,20,100,20,100,0,50,0,50,0,45,1,8,0826_a_treatment,bb,different
368,13,25,0,1,0,0,38,0,0,3,5,0,4,4,1,8,50,0,50,0,25,50,0,50,0,25,20,100,0,100,0,20,100,20,100,0,50,0,50,0,45,1,9,0826_a_treatment,sb,
369,13,55,1,1,1,0,28,1,22,1,4,0,1,4,1,5,50,0,50,0,25,50,0,50,0,25,20,100,0,100,0,20,100,20,100,0,50,0,50,0,45,1,10,0826_a_treatment,bb,same
370,13,0,1,0,0,1,38,0,50,1,1,1,1,1,1,2,50,0,50,0,25,50,0,50,0,25,20,100,0,100,0,20,100,20,100,0,50,0,50,0,45,1,11,0826_a_treatment,bs,
371,13,45,0,1,0,0,76,0,0,0,1,0,1,0,1,1,50,0,50,0,25,50,0,50,0,25,20,100,0,100,0,20,100,20,100,0,50,0,50,0,45,1,12,0826_a_treatment,sb,
372,13,45,0,0,0,1,64,0,50,0,1,0,0,1,1,1,50,0,50,0,25,50,0,50,0,25,20,100,0,100,0,20,100,20,100,0,50,0,50,0,45,1,13,0826_a_treatment,ss,
373,13,0,1,1,1,0,0,1,50,0,3,0,0,3,1,3,50,0,50,0,25,50,0,50,0,25,20,100,0,100,0,20,100,20,100,0,50,0,50,0,45,1,14,0826_a_treatment,bb,same
374,13,45,0,1,1,0,1,1,49,2,0,1,0,2,1,2,50,0,50,0,25,50,0,50,0,25,20,100,0,100,0,20,100,20,100,0,50,0,50,0,45,1,15,0826_a_treatment,sb,
375,13,45,1,1,1,0,55,0,50,0,3,0,0,3,1,3,50,0,50,0,25,50,0,50,0,25,20,100,0,100,0,20,100,20,100,0,50,0,50,0,45,1,16,0826_a_treatment,bb,same
376,13,25,0,1,0,0,89,0,0,1,1,0,1,1,1,2,50,0,50,0,25,50,0,50,0,25,20,100,0,100,0,20,100,20,100,0,50,0,50,0,45,1,17,0826_a_treatment,sb,
377,13,0,0,0,0,1,81,0,50,0,0,0,0,0,1,0,50,0,50,0,25,50,0,50,0,25,20,100,0,100,0,20,100,20,100,0,50,0,50,0,45,1,18,0826_a_treatment,ss,
378,13,35,0,1,0,0,59,0,0,1,3,0,3,1,1,4,50,0,50,0,25,50,0,50,0,25,20,100,0,100,0,20,100,20,100,0,50,0,50,0,45,1,19,0826_a_treatment,sb,
379,13,35,0,1,0,0,64,0,0,0,1,0,1,0,1,1,50,0,50,0,25,50,0,50,0,25,20,100,0,100,0,20,100,20,100,0,50,0,50,0,45,1,20,0826_a_treatment,sb,
380,13,30,1,1,0,0,21,1,-21,1,1,1,1,1,1,2,50,0,50,0,25,50,0,50,0,25,20,100,0,100,0,20,100,20,100,0,50,0,50,0,45,1,21,0826_a_treatment,bb,same
381,13,25,1,1,0,0,65,0,0,1,0,1,1,0,1,1,50,0,50,0,25,50,0,50,0,25,20,100,0,100,0,20,100,20,100,0,50,0,50,0,45,1,22,0826_a_treatment,bb,same
382,13,0,0,0,0,1,90,0,50,1,4,0,1,4,1,5,50,0,50,0,25,50,0,50,0,25,20,100,0,100,0,20,100,20,100,0,50,0,50,0,45,1,23,0826_a_treatment,ss,
383,13,0,1,0,1,1,41,0,100,0,1,0,1,0,1,1,50,0,50,0,25,50,0,50,0,25,20,100,0,100,0,20,100,20,100,0,50,0,50,0,45,1,24,0826_a_treatment,bs,
384,13,0,0,0,0,1,58,0,50,0,1,0,0,1,1,1,50,0,50,0,25,50,0,50,0,25,20,100,0,100,0,20,100,20,100,0,50,0,50,0,45,1,25,0826_a_treatment,ss,
385,13,25,1,1,1,0,59,0,50,0,2,0,0,2,1,2,50,0,50,0,25,50,0,50,0,25,20,100,0,100,0,20,100,20,100,0,50,0,50,0,45,1,26,0826_a_treatment,bb,same
386,13,0,0,0,0,1,12,0,50,0,0,0,0,0,1,0,50,0,50,0,25,50,0,50,0,25,20,100,0,100,0,20,100,20,100,0,50,0,50,0,45,1,27,0826_a_treatment,ss,
387,13,0,0,0,1,1,30,0,100,0,0,1,0,0,1,0,50,0,50,0,25,50,0,50,0,25,20,100,0,100,0,20,100,20,100,0,50,0,50,0,45,1,28,0826_a_treatment,ss,
388,13,25,0,1,0,0,94,0,0,0,0,0,0,0,1,0,50,0,50,0,25,50,0,50,0,25,20,100,0,100,0,20,100,20,100,0,50,0,50,0,45,1,29,0826_a_treatment,sb,
389,13,25,1,1,1,0,66,0,50,0,1,0,0,1,1,1,50,0,50,0,25,50,0,50,0,25,20,100,0,100,0,20,100,20,100,0,50,0,50,0,45,1,30,0826_a_treatment,bb,same
390,14,45,1,0,1,1,27,1,73,2,3,0,3,2,1,5,50,0,0,0,44,50,0,50,0,0,50,100,50,100,0,0,100,0,100,0,0,0,0,0,0,1,1,0826_a_treatment,bs,
391,14,45,1,1,1,0,13,1,37,0,3,0,0,3,1,3,50,0,0,0,44,50,0,50,0,0,50,100,50,100,0,0,100,0,100,0,0,0,0,0,0,1,2,0826_a_treatment,bb,same
392,14,0,0,0,1,1,6,0,100,3,1,1,3,1,1,4,50,0,0,0,44,50,0,50,0,0,50,100,50,100,0,0,100,0,100,0,0,0,0,0,0,1,3,0826_a_treatment,ss,
393,14,0,1,0,1,1,49,0,100,0,3,0,2,1,1,3,50,0,0,0,44,50,0,50,0,0,50,100,50,100,0,0,100,0,100,0,0,0,0,0,0,1,4,0826_a_treatment,bs,
394,14,40,1,0,0,1,59,0,50,2,1,1,1,2,1,3,50,0,0,0,44,50,0,50,0,0,50,100,50,100,0,0,100,0,100,0,0,0,0,0,0,1,5,0826_a_treatment,bs,
395,14,0,1,0,1,1,37,0,100,0,2,0,2,0,1,2,50,0,0,0,44,50,0,50,0,0,50,100,50,100,0,0,100,0,100,0,0,0,0,0,0,1,6,0826_a_treatment,bs,
396,14,0,1,0,0,1,78,0,50,2,1,1,0,3,1,3,50,0,0,0,44,50,0,50,0,0,50,100,50,100,0,0,100,0,100,0,0,0,0,0,0,1,7,0826_a_treatment,bs,
397,14,44,0,1,1,0,85,0,50,2,2,1,1,3,1,4,50,0,0,0,44,50,0,50,0,0,50,100,50,100,0,0,100,0,100,0,0,0,0,0,0,1,8,0826_a_treatment,sb,
398,14,33,0,1,0,0,2,1,-2,3,5,0,4,4,1,8,50,0,0,0,44,50,0,50,0,0,50,100,50,100,0,0,100,0,100,0,0,0,0,0,0,1,9,0826_a_treatment,sb,
399,14,0,0,0,0,1,51,0,50,1,4,0,1,4,1,5,50,0,0,0,44,50,0,50,0,0,50,100,50,100,0,0,100,0,100,0,0,0,0,0,0,1,10,0826_a_treatment,ss,
400,14,0,1,1,0,0,28,0,0,1,1,1,1,1,1,2,50,0,0,0,44,50,0,50,0,0,50,100,50,100,0,0,100,0,100,0,0,0,0,0,0,1,11,0826_a_treatment,bb,different
401,14,0,0,1,0,0,72,0,0,0,1,0,1,0,1,1,50,0,0,0,44,50,0,50,0,0,50,100,50,100,0,0,100,0,100,0,0,0,0,0,0,1,12,0826_a_treatment,sb,
402,14,0,0,0,0,1,84,0,50,0,1,0,0,1,1,1,50,0,0,0,44,50,0,50,0,0,50,100,50,100,0,0,100,0,100,0,0,0,0,0,0,1,13,0826_a_treatment,ss,
403,14,44,1,1,1,0,83,0,50,0,3,0,0,3,1,3,50,0,0,0,44,50,0,50,0,0,50,100,50,100,0,0,100,0,100,0,0,0,0,0,0,1,14,0826_a_treatment,bb,same
404,14,0,0,1,1,0,92,0,50,2,0,1,0,2,1,2,50,0,0,0,44,50,0,50,0,0,50,100,50,100,0,0,100,0,100,0,0,0,0,0,0,1,15,0826_a_treatment,sb,
405,14,5,1,1,1,0,41,0,50,0,3,0,0,3,1,3,50,0,0,0,44,50,0,50,0,0,50,100,50,100,0,0,100,0,100,0,0,0,0,0,0,1,16,0826_a_treatment,bb,same
406,14,0,0,1,0,0,7,0,0,1,1,0,1,1,1,2,50,0,0,0,44,50,0,50,0,0,50,100,50,100,0,0,100,0,100,0,0,0,0,0,0,1,17,0826_a_treatment,sb,
407,14,0,0,0,0,1,52,0,50,0,0,0,0,0,1,0,50,0,0,0,44,50,0,50,0,0,50,100,50,100,0,0,100,0,100,0,0,0,0,0,0,1,18,0826_a_treatment,ss,
408,14,0,0,1,0,0,84,0,0,1,3,0,3,1,1,4,50,0,0,0,44,50,0,50,0,0,50,100,50,100,0,0,100,0,100,0,0,0,0,0,0,1,19,0826_a_treatment,sb,
409,14,0,1,0,1,1,15,0,100,0,1,0,1,0,1,1,50,0,0,0,44,50,0,50,0,0,50,100,50,100,0,0,100,0,100,0,0,0,0,0,0,1,20,0826_a_treatment,bs,
410,14,0,1,1,0,0,35,0,0,1,1,1,1,1,1,2,50,0,0,0,44,50,0,50,0,0,50,100,50,100,0,0,100,0,100,0,0,0,0,0,0,1,21,0826_a_treatment,bb,same
411,14,0,1,1,0,0,3,0,0,1,0,1,1,0,1,1,50,0,0,0,44,50,0,50,0,0,50,100,50,100,0,0,100,0,100,0,0,0,0,0,0,1,22,0826_a_treatment,bb,same
412,14,5,0,0,0,1,81,0,50,1,4,0,1,4,1,5,50,0,0,0,44,50,0,50,0,0,50,100,50,100,0,0,100,0,100,0,0,0,0,0,0,1,23,0826_a_treatment,ss,
413,14,0,1,0,1,1,27,0,100,0,1,0,1,0,1,1,50,0,0,0,44,50,0,50,0,0,50,100,50,100,0,0,100,0,100,0,0,0,0,0,0,1,24,0826_a_treatment,bs,
414,14,0,0,0,0,1,4,0,50,0,1,0,0,1,1,1,50,0,0,0,44,50,0,50,0,0,50,100,50,100,0,0,100,0,100,0,0,0,0,0,0,1,25,0826_a_treatment,ss,
415,14,44,1,1,1,0,89,0,50,0,2,0,0,2,1,2,50,0,0,0,44,50,0,50,0,0,50,100,50,100,0,0,100,0,100,0,0,0,0,0,0,1,26,0826_a_treatment,bb,same
416,14,44,1,1,1,0,76,0,50,0,0,0,0,0,1,0,50,0,0,0,44,50,0,50,0,0,50,100,50,100,0,0,100,0,100,0,0,0,0,0,0,1,27,0826_a_treatment,bb,same
417,14,0,0,0,1,1,7,0,100,0,0,1,0,0,1,0,50,0,0,0,44,50,0,50,0,0,50,100,50,100,0,0,100,0,100,0,0,0,0,0,0,1,28,0826_a_treatment,ss,
418,14,0,0,1,0,0,64,0,0,0,0,0,0,0,1,0,50,0,0,0,44,50,0,50,0,0,50,100,50,100,0,0,100,0,100,0,0,0,0,0,0,1,29,0826_a_treatment,sb,
419,14,44,1,1,1,0,22,1,28,0,1,0,0,1,1,1,50,0,0,0,44,50,0,50,0,0,50,100,50,100,0,0,100,0,100,0,0,0,0,0,0,1,30,0826_a_treatment,bb,same
420,15,45,1,0,1,1,39,1,61,2,3,0,3,2,1,5,80,20,80,20,45,50,10,50,10,10,50,90,50,90,45,20,90,20,90,40,80,10,80,10,10,1,1,0826_a_treatment,bs,
421,15,37,1,1,1,0,92,0,50,0,3,0,0,3,1,3,80,20,80,20,45,50,10,50,10,10,50,90,50,90,45,20,90,20,90,40,80,10,80,10,10,1,2,0826_a_treatment,bb,same
422,15,42,0,0,1,1,11,1,89,3,1,1,3,1,1,4,80,20,80,20,45,50,10,50,10,10,50,90,50,90,45,20,90,20,90,40,80,10,80,10,10,1,3,0826_a_treatment,ss,
423,15,33,1,0,1,1,47,0,100,0,3,0,2,1,1,3,80,20,80,20,45,50,10,50,10,10,50,90,50,90,45,20,90,20,90,40,80,10,80,10,10,1,4,0826_a_treatment,bs,
424,15,33,1,1,0,0,34,0,0,2,1,1,1,2,1,3,80,20,80,20,45,50,10,50,10,10,50,90,50,90,45,20,90,20,90,40,80,10,80,10,10,1,5,0826_a_treatment,bb,different
425,15,35,1,0,1,1,23,1,77,0,2,0,2,0,1,2,80,20,80,20,45,50,10,50,10,10,50,90,50,90,45,20,90,20,90,40,80,10,80,10,10,1,6,0826_a_treatment,bs,
426,15,29,1,0,0,1,97,0,50,2,1,1,0,3,1,3,80,20,80,20,45,50,10,50,10,10,50,90,50,90,45,20,90,20,90,40,80,10,80,10,10,1,7,0826_a_treatment,bs,
427,15,39,0,1,1,0,37,1,13,2,2,1,1,3,1,4,80,20,80,20,45,50,10,50,10,10,50,90,50,90,45,20,90,20,90,40,80,10,80,10,10,1,8,0826_a_treatment,sb,
428,15,35,0,1,0,0,47,0,0,3,5,0,4,4,1,8,80,20,80,20,45,50,10,50,10,10,50,90,50,90,45,20,90,20,90,40,80,10,80,10,10,1,9,0826_a_treatment,sb,
429,15,33,0,0,0,1,57,0,50,1,4,0,1,4,1,5,80,20,80,20,45,50,10,50,10,10,50,90,50,90,45,20,90,20,90,40,80,10,80,10,10,1,10,0826_a_treatment,ss,
430,15,43,0,1,1,0,56,0,50,1,1,1,1,1,1,2,80,20,80,20,45,50,10,50,10,10,50,90,50,90,45,20,90,20,90,40,80,10,80,10,10,1,11,0826_a_treatment,sb,
431,15,33,0,1,0,0,80,0,0,0,1,0,1,0,1,1,80,20,80,20,45,50,10,50,10,10,50,90,50,90,45,20,90,20,90,40,80,10,80,10,10,1,12,0826_a_treatment,sb,
432,15,43,0,0,0,1,94,0,50,0,1,0,0,1,1,1,80,20,80,20,45,50,10,50,10,10,50,90,50,90,45,20,90,20,90,40,80,10,80,10,10,1,13,0826_a_treatment,ss,
433,15,45,1,1,1,0,36,1,14,0,3,0,0,3,1,3,80,20,80,20,45,50,10,50,10,10,50,90,50,90,45,20,90,20,90,40,80,10,80,10,10,1,14,0826_a_treatment,bb,same
434,15,42,0,1,1,0,26,1,24,2,0,1,0,2,1,2,80,20,80,20,45,50,10,50,10,10,50,90,50,90,45,20,90,20,90,40,80,10,80,10,10,1,15,0826_a_treatment,sb,
435,15,33,1,1,1,0,4,1,46,0,3,0,0,3,1,3,80,20,80,20,45,50,10,50,10,10,50,90,50,90,45,20,90,20,90,40,80,10,80,10,10,1,16,0826_a_treatment,bb,same
436,15,40,0,1,0,0,25,1,-25,1,1,0,1,1,1,2,80,20,80,20,45,50,10,50,10,10,50,90,50,90,45,20,90,20,90,40,80,10,80,10,10,1,17,0826_a_treatment,sb,
437,15,15,1,1,1,0,76,0,50,0,0,0,0,0,1,0,80,20,80,20,45,50,10,50,10,10,50,90,50,90,45,20,90,20,90,40,80,10,80,10,10,1,18,0826_a_treatment,bb,same
438,15,22,1,0,1,1,22,1,78,1,3,0,3,1,1,4,80,20,80,20,45,50,10,50,10,10,50,90,50,90,45,20,90,20,90,40,80,10,80,10,10,1,19,0826_a_treatment,bs,
439,15,13,1,0,1,1,14,0,100,0,1,0,1,0,1,1,80,20,80,20,45,50,10,50,10,10,50,90,50,90,45,20,90,20,90,40,80,10,80,10,10,1,20,0826_a_treatment,bs,
440,15,3,1,1,0,0,83,0,0,1,1,1,1,1,1,2,80,20,80,20,45,50,10,50,10,10,50,90,50,90,45,20,90,20,90,40,80,10,80,10,10,1,21,0826_a_treatment,bb,same
441,15,5,1,1,0,0,57,0,0,1,0,1,1,0,1,1,80,20,80,20,45,50,10,50,10,10,50,90,50,90,45,20,90,20,90,40,80,10,80,10,10,1,22,0826_a_treatment,bb,same
442,15,0,0,0,0,1,68,0,50,1,4,0,1,4,1,5,80,20,80,20,45,50,10,50,10,10,50,90,50,90,45,20,90,20,90,40,80,10,80,10,10,1,23,0826_a_treatment,ss,
443,15,9,1,0,1,1,1,1,99,0,1,0,1,0,1,1,80,20,80,20,45,50,10,50,10,10,50,90,50,90,45,20,90,20,90,40,80,10,80,10,10,1,24,0826_a_treatment,bs,
444,15,3,0,0,0,1,88,0,50,0,1,0,0,1,1,1,80,20,80,20,45,50,10,50,10,10,50,90,50,90,45,20,90,20,90,40,80,10,80,10,10,1,25,0826_a_treatment,ss,
445,15,10,1,1,1,0,99,0,50,0,2,0,0,2,1,2,80,20,80,20,45,50,10,50,10,10,50,90,50,90,45,20,90,20,90,40,80,10,80,10,10,1,26,0826_a_treatment,bb,same
446,15,9,1,1,1,0,29,0,50,0,0,0,0,0,1,0,80,20,80,20,45,50,10,50,10,10,50,90,50,90,45,20,90,20,90,40,80,10,80,10,10,1,27,0826_a_treatment,bb,same
447,15,5,0,0,1,1,48,0,100,0,0,1,0,0,1,0,80,20,80,20,45,50,10,50,10,10,50,90,50,90,45,20,90,20,90,40,80,10,80,10,10,1,28,0826_a_treatment,ss,
448,15,9,0,1,0,0,50,0,0,0,0,0,0,0,1,0,80,20,80,20,45,50,10,50,10,10,50,90,50,90,45,20,90,20,90,40,80,10,80,10,10,1,29,0826_a_treatment,sb,
449,15,6,0,0,0,1,48,0,50,0,1,0,0,1,1,1,80,20,80,20,45,50,10,50,10,10,50,90,50,90,45,20,90,20,90,40,80,10,80,10,10,1,30,0826_a_treatment,ss,
